site,wildtype,AAA,AAC,AAG,AAT,ACA,ACC,ACG,ACT,AGA,AGC,AGG,AGT,ATA,ATC,ATG,ATT,CAA,CAC,CAG,CAT,CCA,CCC,CCG,CCT,CGA,CGC,CGG,CGT,CTA,CTC,CTG,CTT,GAA,GAC,GAG,GAT,GCA,GCC,GCG,GCT,GGA,GGC,GGG,GGT,GTA,GTC,GTG,GTT,TAA,TAC,TAG,TAT,TCA,TCC,TCG,TCT,TGA,TGC,TGG,TGT,TTA,TTC,TTG,TTT
31,GCA,0,0,0,4,84,0,0,7,1,2,0,2,0,2,0,0,0,0,0,2,1,1,2,0,2,0,0,2,1,1,0,0,5,3,0,1,58650,5,4,3,0,3,0,0,18,3,0,1,0,1,0,0,12,1,0,0,0,6,0,0,0,0,0,0
32,GAA,21,4,0,4,0,0,0,1,5,0,0,3,0,0,0,1,4,0,2,0,0,3,0,0,0,1,0,1,2,1,3,6,58793,3,4,9,1,3,0,0,3,0,0,3,3,2,0,0,2,0,0,1,4,5,1,3,0,0,0,0,1,0,0,0
33,AAC,12,58771,12,14,5,2,0,0,2,2,4,0,9,5,0,2,12,4,11,0,0,0,0,3,0,0,0,6,0,1,0,0,4,2,0,2,1,0,0,0,0,5,0,2,0,0,5,1,0,1,0,0,2,2,0,8,0,1,0,0,5,0,2,2
34,TTG,0,0,0,0,0,0,0,0,0,0,0,0,0,0,3,5,0,0,2,0,0,0,2,0,0,0,0,0,0,0,12,0,0,0,1,0,2,0,0,1,0,0,2,0,0,0,0,0,0,0,0,0,2,0,18,1,0,0,1,0,5,9,58849,2
35,TGG,0,0,0,0,0,0,0,0,0,0,0,0,0,0,0,0,0,0,0,0,0,0,0,0,0,0,0,0,0,0,0,0,0,0,0,0,0,0,0,0,0,0,0,0,0,0,0,0,0,0,20,0,0,0,0,0,7,0,58855,2,0,5,3,0
36,GTC,0,0,0,0,0,2,1,5,0,0,0,0,6,25,0,0,0,0,0,0,0,1,0,0,0,0,0,0,0,0,0,0,0,0,0,0,0,13,0,0,0,0,0,0,11,58744,0,16,0,0,0,0,0,0,0,0,0,0,0,0,0,4,0,0
37,ACT,0,0,0,2,6,22,1,58843,0,0,0,2,0,0,0,4,0,0,0,0,0,0,4,0,0,0,0,0,0,0,0,0,0,0,0,0,0,0,0,3,0,2,0,0,0,0,0,0,0,0,0,0,0,0,0,0,0,0,0,0,0,0,0,0
38,GTC,0,0,0,0,0,0,0,0,0,0,0,0,5,42,0,0,0,0,0,0,0,3,0,0,0,0,0,0,1,1,0,0,0,0,0,0,0,2,0,0,0,0,0,0,17,58728,0,15,0,0,0,0,0,0,0,0,0,0,0,0,4,1,0,0
39,TAC,0,0,0,0,0,0,0,0,0,0,0,0,3,3,0,0,0,12,0,0,0,1,0,0,0,0,0,0,0,0,0,0,2,0,0,0,0,0,0,0,0,0,0,0,0,0,0,0,4,58832,0,21,0,0,1,0,0,1,1,0,0,2,0,0
40,TAT,0,2,0,7,0,0,0,0,0,0,0,0,0,0,0,0,0,0,0,11,0,0,0,0,0,0,0,0,0,0,0,0,0,0,0,0,0,0,0,0,0,0,0,0,0,1,0,0,5,10,0,58840,0,0,0,0,0,0,0,1,0,0,0,0
41,GGG,0,0,0,0,0,0,3,0,0,2,12,0,0,0,0,0,0,0,0,0,0,0,0,0,0,0,0,0,0,0,0,0,0,0,10,0,0,1,0,0,19,5,58548,21,0,0,11,0,0,0,0,0,0,0,0,0,0,0,2,0,0,0,0,0
42,GTA,0,0,0,0,2,0,0,0,0,0,0,0,42,0,0,0,0,1,0,0,0,0,0,0,0,0,0,0,4,0,0,0,0,0,0,0,3,0,0,0,0,0,0,0,58617,0,8,1,0,0,0,0,0,0,0,0,0,0,0,0,1,0,0,2
43,CCT,0,0,0,0,1,0,0,5,0,0,0,0,0,0,0,0,0,0,0,6,7,47,8,58248,0,0,0,0,0,0,0,1,0,0,0,0,0,0,0,1,0,0,0,0,0,0,0,0,0,0,0,0,0,0,0,28,4,0,0,0,0,0,0,0
44,GTG,5,0,0,0,0,6,0,0,0,0,0,0,0,1,18,3,0,0,2,0,0,0,0,0,0,0,0,0,0,0,0,0,0,0,0,0,0,0,1,0,0,0,0,0,13,0,58480,3,0,0,0,0,0,0,0,0,0,0,0,0,0,0,1,0
45,TGG,0,0,0,0,0,0,0,0,3,0,0,0,0,0,0,0,0,0,0,0,0,0,0,0,0,0,5,0,0,0,0,0,0,0,3,0,0,0,0,0,0,0,0,0,0,0,0,0,0,0,4,0,0,0,0,0,10,0,58515,7,0,0,2,0
46,AAA,58662,8,15,6,1,0,0,0,11,2,0,0,2,0,0,0,2,0,0,0,0,0,0,0,0,0,0,2,0,0,2,3,20,1,0,0,0,0,1,0,1,0,0,2,0,0,0,0,0,0,0,0,0,0,0,0,0,0,0,3,0,0,0,0
47,GAC,0,19,0,1,0,2,0,2,1,0,0,0,0,0,0,0,4,2,0,0,1,0,2,2,0,0,0,0,0,0,0,0,24,58579,0,21,2,7,1,0,0,11,0,0,0,0,0,0,0,4,0,0,0,0,0,0,0,0,0,0,0,0,0,0
48,GCA,0,0,0,0,105,1,8,4,0,0,0,2,2,0,0,0,0,1,0,0,2,0,0,0,0,0,0,0,0,0,0,0,2,0,0,0,58153,7,51,13,1,2,0,0,26,4,0,0,3,2,0,0,7,0,0,0,0,1,0,0,0,0,0,0
49,GAG,4,0,13,4,7,0,7,1,0,6,0,1,4,2,16,6,0,0,0,0,0,0,0,0,0,0,0,0,0,4,2,0,15,6,58097,18,0,6,1,4,0,0,5,2,3,0,4,0,0,2,1,0,0,0,3,0,0,2,0,0,6,2,2,0
50,ACC,0,1,0,3,9,57672,2,9,0,5,0,0,2,7,2,0,0,0,0,1,7,6,2,4,0,0,0,0,0,0,0,0,1,0,2,0,0,14,0,0,0,0,0,0,0,0,0,0,0,0,0,0,6,0,0,0,0,0,0,0,0,0,0,0
51,ACC,0,2,0,0,26,58394,1,1,0,0,0,0,1,6,5,1,0,0,3,1,0,1,1,2,0,0,1,0,0,0,0,0,0,0,0,0,0,7,0,1,0,0,0,0,1,0,7,0,0,0,0,0,0,7,1,0,0,0,0,0,0,3,0,0
52,TTA,0,0,0,0,0,2,0,0,0,0,0,0,3,0,0,0,0,0,0,0,0,0,0,0,0,0,0,0,17,0,0,2,0,0,0,0,0,0,0,0,0,0,0,0,2,0,0,0,0,0,0,0,3,0,0,0,0,0,0,1,58748,0,3,0
53,TTT,0,0,0,0,0,0,0,0,0,0,0,0,2,0,0,19,0,0,0,0,0,0,0,0,0,0,0,0,0,0,0,0,0,0,0,0,0,0,2,0,0,0,0,0,0,0,0,0,0,0,2,0,0,0,0,2,0,0,0,0,2,2,0,58792
54,TGT,0,0,0,0,0,0,0,0,0,0,0,1,0,0,0,0,0,0,0,0,0,0,0,0,0,0,0,1,0,0,0,0,0,0,0,0,0,0,0,2,0,0,0,8,0,0,0,0,0,0,4,2,0,0,0,0,3,20,0,58773,0,0,0,2
55,GCA,0,0,0,0,60,0,0,0,0,0,0,0,0,0,0,3,0,0,0,0,0,0,0,0,0,0,0,0,0,0,0,0,5,0,0,0,58322,2,4,2,0,0,0,0,117,1,0,0,0,0,0,0,2,0,0,0,0,0,0,0,0,0,0,0
56,TCA,0,0,0,0,13,0,0,3,0,2,0,0,1,0,0,1,0,2,0,4,3,0,0,0,0,4,0,0,0,0,0,0,0,0,0,0,1,1,0,1,3,0,0,0,0,0,0,0,3,0,0,0,58608,7,30,0,4,0,0,0,3,1,0,2
57,GAT,0,0,3,8,3,0,0,4,0,0,0,0,0,3,0,1,0,5,0,0,0,0,0,0,0,0,0,0,0,0,4,0,0,3,0,58180,0,0,0,0,4,0,0,0,1,0,0,2,0,0,0,10,0,3,0,0,0,0,0,0,4,0,0,0
58,GCT,0,0,0,0,1,0,1,54,0,0,0,0,8,11,0,0,2,0,3,0,0,2,0,0,0,0,0,0,0,0,0,4,0,0,0,1,0,7,0,58242,0,0,4,2,2,2,0,16,0,0,0,0,0,0,0,1,0,0,0,0,1,5,2,0
59,AAA,58286,4,9,3,0,0,0,0,6,0,0,0,2,0,0,0,0,0,0,2,0,0,0,0,0,0,0,0,0,0,0,1,10,0,0,0,0,0,0,0,1,0,2,0,0,0,0,0,0,0,0,0,0,0,0,0,0,0,0,0,0,0,0,0
60,GCA,0,0,0,0,27,0,2,4,0,4,0,0,2,6,6,3,2,5,1,0,0,0,0,0,0,0,3,0,0,0,0,0,0,0,0,0,57561,1,7,5,0,0,0,0,55,0,0,10,0,2,0,3,10,0,0,0,0,3,0,0,1,0,1,8
61,TAT,0,0,0,2,0,0,0,0,0,0,0,0,0,0,0,4,0,0,2,9,0,1,2,0,0,1,0,0,0,0,0,0,0,0,1,5,0,0,7,0,0,0,2,0,0,5,0,3,0,9,0,58378,0,0,0,0,0,0,1,6,1,0,0,0
62,GAG,1,3,20,0,5,2,2,0,6,0,0,0,0,1,0,0,1,0,0,0,0,2,0,1,0,2,0,0,0,0,0,1,12,2,57200,0,6,0,4,3,0,0,15,2,0,0,2,0,0,0,1,1,3,2,2,0,0,0,0,4,6,2,2,7
63,ACA,8,0,0,2,57000,4,12,2,4,0,3,0,6,1,4,5,0,0,2,4,2,4,3,1,5,2,0,0,0,1,0,0,0,0,0,1,10,0,1,0,0,2,2,0,0,1,0,0,0,0,0,0,1,0,0,0,0,0,0,0,0,0,0,0
64,GAA,15,5,0,0,0,0,0,0,0,2,0,0,2,0,0,0,0,0,0,0,0,2,0,0,0,0,0,0,0,3,0,0,56611,0,1,3,0,0,0,0,6,2,0,0,0,0,0,0,1,0,0,0,2,0,0,0,0,0,0,0,0,0,0,0
65,AAG,47,3,53881,4,0,3,2,0,3,0,7,2,0,5,0,1,0,0,2,0,1,0,5,0,0,0,0,0,0,0,0,0,2,0,0,4,3,0,0,0,0,0,0,0,0,0,1,0,0,0,0,0,0,0,2,0,0,0,4,0,0,0,3,0
66,CAT,0,2,0,1,0,1,0,1,0,0,0,0,0,0,0,0,2,4,4,56847,0,0,0,0,0,0,0,3,0,0,0,0,0,0,0,0,0,1,0,0,0,2,0,0,0,0,0,0,0,0,0,20,6,0,0,0,0,0,4,0,0,0,0,0
67,AAT,0,7,0,57787,0,2,3,0,0,0,0,10,0,0,0,1,0,0,0,3,0,0,0,0,0,0,0,0,0,0,0,0,0,0,0,13,0,2,1,0,0,0,0,0,0,0,0,0,0,0,0,0,0,0,0,0,0,0,0,0,0,0,0,0
68,GTC,0,0,0,0,0,0,0,1,0,0,0,0,0,28,0,0,0,0,0,0,0,1,0,0,0,0,0,0,1,1,0,0,0,0,0,2,0,5,0,0,1,0,0,0,12,50783,4,13,0,0,0,2,0,2,0,0,0,0,2,0,0,9,3,1
69,TGG,0,0,0,0,0,0,0,0,0,0,5,0,0,0,0,0,0,0,0,1,0,3,0,0,0,0,10,0,0,0,0,0,0,0,0,0,0,0,1,0,0,0,2,0,0,0,3,0,0,0,3,0,2,0,0,0,5,0,30605,2,0,0,5,0
70,GCT,2,0,0,0,4,4,0,17,0,3,0,0,0,0,0,0,0,0,0,0,0,0,0,0,0,0,0,0,0,0,0,0,0,0,0,1,0,8,0,38388,1,2,0,1,0,0,0,9,0,0,0,1,1,0,0,7,0,0,0,0,0,0,0,0
71,ACA,3,0,0,0,55067,1,3,3,1,0,0,0,16,1,0,0,0,1,0,0,0,0,0,0,0,0,0,0,0,0,0,0,2,0,0,0,0,0,0,0,0,0,0,0,0,0,0,0,0,0,0,0,1,0,0,0,0,0,0,0,2,0,0,0
72,CAT,0,0,0,2,1,0,0,1,0,4,0,0,0,0,0,0,4,3,0,55024,0,0,0,0,0,0,0,6,3,1,1,0,0,0,0,0,1,0,0,0,0,0,0,0,1,0,0,0,0,5,0,14,7,0,0,0,0,0,0,0,0,1,0,0
73,GCC,0,0,0,0,0,23,0,0,0,0,0,0,0,0,0,0,0,0,0,0,0,0,0,0,0,0,0,0,0,0,0,0,0,1,0,0,11,43004,1,6,0,0,0,0,0,17,0,0,0,0,0,0,0,9,0,0,0,0,0,0,0,0,0,0
74,TGT,0,0,0,0,0,0,0,0,0,0,0,2,0,0,0,0,0,0,0,0,0,0,0,0,0,0,0,27,0,0,0,0,0,0,0,0,0,0,0,0,0,0,0,1,0,0,0,0,0,0,0,16,0,0,0,0,0,6,0,38360,0,0,0,0
75,GTA,0,0,0,0,3,2,0,0,0,1,0,0,30,0,0,0,0,0,0,0,0,0,0,0,0,0,0,0,2,0,0,0,0,0,0,0,0,0,0,0,0,0,0,0,43125,0,6,4,0,0,0,0,0,1,0,0,0,1,0,1,6,0,0,1
76,CCC,0,0,0,0,0,0,0,0,0,2,0,0,0,0,0,0,0,4,0,0,4,39220,2,6,0,0,0,0,0,2,0,0,0,0,0,0,0,1,0,0,1,0,0,0,0,0,0,0,0,0,0,1,0,5,0,0,0,0,0,0,0,0,0,2
77,ACA,0,0,0,1,44423,9,31,7,3,3,0,0,20,1,0,0,1,10,0,1,1,3,0,0,0,2,0,0,0,0,1,1,3,0,0,0,1,0,0,0,1,0,0,0,0,0,0,0,0,2,0,2,3,0,0,0,0,0,0,0,0,2,0,2
78,GAC,0,21,0,0,0,1,0,0,0,0,0,0,0,0,0,0,0,3,0,0,0,0,0,0,0,0,0,0,0,0,0,0,4,13009,0,5,0,1,0,0,2,0,0,0,0,1,0,0,0,8,0,0,0,0,0,0,0,0,0,0,0,0,0,0
79,CCC,0,0,0,2,0,19,0,3,0,0,0,0,0,0,0,0,1,9,0,3,16,31173,0,9,0,0,0,0,0,2,0,0,0,0,0,0,0,0,0,0,0,0,0,0,0,0,0,0,0,0,0,0,0,12,0,0,0,0,0,0,0,0,0,0
80,AAC,18,38445,0,5,4,6,0,0,0,4,0,0,0,0,1,0,2,1,0,0,0,1,0,0,0,0,0,0,0,0,0,0,0,0,0,0,0,1,0,0,1,1,0,0,0,2,0,0,0,1,0,0,0,0,0,0,0,0,0,0,0,0,3,0
81,CCA,0,1,0,0,7,2,0,5,0,0,0,0,2,0,0,0,3,2,0,0,32985,2,0,1,0,0,0,0,3,0,0,0,2,0,0,1,0,0,2,0,0,0,0,0,0,0,0,0,0,0,0,0,11,0,0,0,0,0,0,0,0,0,0,2
82,CAA,5,0,0,0,0,2,1,7,0,2,0,0,0,0,1,0,58204,3,6,2,0,0,0,0,20,0,2,5,4,0,0,4,1,0,0,0,0,0,0,0,3,1,0,2,0,0,4,0,6,4,0,0,0,0,0,3,0,0,0,4,0,2,3,0
83,GAA,9,0,0,0,3,0,0,0,1,0,0,0,0,0,0,0,2,0,0,0,0,0,0,0,0,0,0,0,0,0,0,0,58043,3,0,3,0,0,0,0,0,0,1,0,1,0,0,0,0,0,0,0,0,0,1,0,0,0,0,0,0,0,0,0
84,ATA,6,0,1,4,4,0,0,0,3,0,0,4,58297,6,22,0,0,0,1,0,0,0,0,0,0,0,0,3,0,0,0,0,0,0,0,5,0,0,2,0,0,1,0,0,0,0,0,0,0,0,0,0,0,2,0,3,0,0,1,0,8,1,0,2
85,CAT,11,0,6,22,16,0,2,2,4,0,0,0,7,0,0,3,3,1,0,54695,0,6,2,4,5,2,0,9,3,1,0,5,5,0,0,7,0,2,0,0,0,0,0,0,0,0,0,0,1,0,0,26,1,0,0,2,0,0,0,0,2,2,0,0
86,TTG,0,7,0,1,1,0,0,0,0,0,0,0,9,0,1,3,0,0,0,0,0,0,0,0,0,0,0,0,0,0,0,1,0,0,0,0,0,3,0,2,0,0,0,0,1,2,0,0,11,0,0,0,0,0,4,0,0,2,1,0,14,0,55317,15
87,GAA,19,2,0,0,0,0,0,0,1,0,0,0,0,2,2,0,2,5,2,0,1,6,0,1,0,0,0,0,0,0,0,9,58261,3,1,0,0,0,1,0,22,0,0,0,5,0,4,2,0,0,0,1,2,3,4,2,0,1,0,1,0,0,0,0
88,AAT,5,3,0,58513,0,0,1,0,0,0,0,1,0,0,0,4,0,0,0,0,0,0,0,0,0,0,0,0,0,0,2,0,0,0,0,1,0,1,0,0,0,0,0,0,0,0,0,0,0,0,0,1,0,0,0,0,0,0,0,1,0,4,0,0
89,GTG,1,0,0,0,1,0,0,1,0,0,0,0,1,0,27,3,0,3,0,0,0,0,0,0,0,0,0,0,0,1,0,0,0,0,0,0,0,0,6,4,0,0,0,0,10,0,58566,8,0,0,0,0,0,0,0,0,0,0,0,0,0,0,6,2
90,ACT,0,0,0,2,0,4,9,58529,0,0,0,0,0,0,0,7,0,7,0,0,0,0,0,0,0,0,0,0,0,0,0,0,0,0,0,0,0,0,0,8,0,0,0,0,0,0,0,0,0,0,0,0,0,0,0,0,0,0,0,0,0,0,0,0
91,GAA,25,0,0,0,0,0,0,0,0,3,0,0,0,1,0,2,0,0,0,0,0,0,0,0,0,0,0,0,0,0,0,0,58649,2,9,2,2,0,2,0,6,0,0,0,0,3,0,0,0,0,0,2,0,0,0,1,0,1,0,0,0,0,3,0
92,GAG,0,0,4,0,0,0,0,0,2,0,0,0,0,0,0,0,3,0,0,0,0,0,0,5,0,0,0,1,0,0,0,0,27,3,58628,16,0,0,0,0,0,0,0,0,0,0,0,0,0,0,10,0,0,0,0,0,0,0,0,0,3,0,0,0
93,TTT,0,0,0,0,0,0,0,0,0,0,0,0,0,0,0,0,0,0,0,0,0,0,0,0,0,0,2,0,0,0,0,0,0,0,0,0,0,0,0,0,0,0,1,0,0,0,0,0,0,0,0,0,0,0,0,1,0,0,0,0,0,4,0,58701
94,AAC,5,58728,1,10,0,2,0,0,0,22,1,0,0,0,0,0,4,3,0,2,0,0,0,0,0,0,0,4,0,0,0,0,0,10,0,2,1,0,0,0,0,0,0,3,0,0,0,2,0,7,0,0,0,2,0,2,0,0,0,0,0,0,0,0
95,ATG,0,0,0,0,0,0,1,2,0,0,0,0,20,1,58719,8,0,0,0,0,1,0,0,0,0,0,0,0,0,0,0,7,0,0,0,0,4,0,3,2,1,0,0,0,0,2,15,0,0,0,0,3,5,0,0,0,0,2,0,3,0,0,1,0
96,TGG,0,0,0,0,0,0,0,0,0,0,1,0,0,0,1,0,0,0,0,0,0,0,0,0,0,4,9,0,0,0,0,0,0,0,0,0,0,0,0,0,0,0,3,0,0,0,0,0,0,8,3,2,0,1,0,0,6,0,58778,2,0,0,5,2
97,AAA,58865,1,1,0,2,3,1,4,0,0,0,0,0,2,0,0,1,1,0,0,0,0,0,0,0,0,0,0,2,1,0,0,3,3,3,0,1,0,0,0,0,0,6,0,0,0,0,2,0,0,0,0,3,3,0,0,0,0,0,0,2,0,0,0
98,AAT,4,3,0,58823,0,0,1,0,0,3,0,2,0,0,0,29,0,0,0,2,0,0,0,0,0,0,0,0,0,0,0,0,0,0,0,0,0,0,0,0,0,0,5,0,0,0,0,1,0,0,0,2,0,0,2,0,0,0,0,0,0,0,0,0
99,AAC,9,58786,1,13,4,1,0,0,0,13,0,3,0,2,0,0,0,0,0,0,0,0,0,7,0,0,0,0,1,0,0,0,5,11,0,0,3,0,0,0,11,1,3,0,0,0,0,0,0,0,0,0,5,7,0,0,0,0,2,0,0,0,0,0
100,ATG,0,0,4,0,0,0,5,0,0,0,1,0,24,0,58835,5,0,0,0,0,0,0,0,0,0,0,0,0,2,0,0,0,0,0,0,0,0,0,0,0,0,0,0,0,0,0,8,0,0,0,0,0,0,0,0,0,0,0,0,0,0,0,4,0
101,GTA,0,0,0,0,0,0,0,0,0,0,0,0,18,0,0,0,0,0,0,0,0,0,0,0,0,0,0,0,0,2,0,0,2,0,0,0,5,11,1,0,0,0,0,0,58831,2,11,0,0,0,0,0,0,0,0,0,0,0,0,0,2,0,0,0
102,GAG,0,0,5,0,1,1,0,1,0,0,6,0,0,3,3,0,0,3,0,0,0,0,0,0,0,0,0,0,0,0,0,0,40,0,58810,4,9,0,0,0,0,0,1,1,2,5,0,0,0,3,4,0,0,0,0,2,0,0,0,0,1,0,0,0
103,CAG,0,1,7,0,0,0,1,0,0,0,3,0,0,0,0,0,34,6,58675,0,0,0,1,0,0,0,6,0,0,2,0,0,2,0,3,0,0,0,0,0,0,0,0,0,0,0,0,0,0,0,54,5,0,0,0,0,0,0,0,0,0,6,0,0
104,ATG,0,0,1,0,0,0,4,0,0,0,0,0,49,5,58730,6,0,0,0,2,0,0,0,0,0,0,0,0,0,0,0,0,0,0,0,0,0,2,0,0,0,0,0,0,0,3,5,0,0,0,0,0,0,0,0,0,0,2,0,0,0,0,0,0
105,CAT,0,2,0,25,0,0,0,0,0,2,0,0,0,0,0,0,0,9,2,58722,0,0,0,0,0,0,0,1,0,0,0,0,1,0,0,0,0,0,0,2,0,0,0,0,0,0,0,0,0,0,0,38,3,0,0,0,0,0,0,0,3,0,0,0
106,ACA,1,1,2,4,58706,5,23,1,2,4,2,0,19,3,3,0,2,0,0,0,0,0,0,0,5,0,6,3,0,5,0,0,0,0,0,0,30,0,0,3,0,7,0,0,3,2,1,1,0,9,0,0,1,0,2,0,0,0,0,0,3,0,0,6
107,GAT,0,0,0,19,0,3,3,0,0,0,0,0,0,0,0,0,0,0,0,0,0,0,0,0,0,0,0,0,3,0,0,0,0,5,0,58845,0,0,0,0,0,0,0,2,0,0,0,0,0,0,0,0,0,0,2,0,0,0,0,0,0,2,0,0
108,ATC,0,0,1,0,4,4,3,1,0,0,0,0,13,58836,4,6,2,0,0,0,2,0,0,0,0,0,0,0,0,0,3,0,0,0,0,0,2,0,0,0,0,0,0,0,3,6,0,3,0,0,0,0,0,0,2,0,0,1,0,4,0,0,3,0
109,ATC,6,3,0,4,1,3,0,0,0,0,0,1,6,58741,3,20,3,4,4,4,0,0,0,0,1,2,4,4,0,0,7,0,1,3,3,2,0,1,0,0,2,0,0,0,0,6,3,3,0,0,0,0,0,0,3,0,0,0,0,0,6,0,0,0
110,AGT,2,0,1,13,0,0,2,1,0,13,0,58835,0,2,0,1,5,0,3,2,0,0,0,0,0,0,0,0,0,0,0,4,0,0,1,0,0,0,11,0,3,1,0,10,2,0,0,0,0,0,0,0,0,0,7,4,0,0,0,0,0,0,0,1
111,CTA,0,0,0,0,3,0,0,0,4,0,0,0,19,0,0,0,2,0,0,0,11,0,0,0,0,0,1,0,58843,1,3,3,0,0,0,0,0,2,0,0,0,0,0,0,1,0,0,3,0,0,0,0,0,0,0,0,0,0,0,0,7,0,0,4
112,TGG,0,0,0,0,1,0,0,0,0,0,4,4,0,0,6,0,0,3,2,0,0,0,0,0,0,0,4,0,0,0,0,0,0,0,0,0,0,0,0,0,0,0,1,0,0,1,4,1,0,0,13,1,0,4,4,0,9,4,58795,6,0,5,4,0
113,GAC,1,14,0,0,0,0,1,0,0,0,0,0,0,0,0,0,0,0,0,0,0,0,0,0,0,3,0,0,0,0,0,0,6,58837,0,9,1,0,1,0,2,6,0,0,0,6,0,0,0,2,0,0,10,0,0,0,0,0,0,0,0,0,0,0
114,CAA,1,6,0,0,7,1,0,0,0,0,0,0,0,0,0,0,58704,0,13,3,1,0,0,0,21,3,0,0,0,0,0,1,14,2,0,0,7,0,0,0,0,0,0,7,0,0,0,0,7,2,0,0,1,0,0,2,0,7,3,0,0,1,0,0
115,AGC,2,12,0,3,0,1,0,0,7,58774,7,22,0,0,1,0,0,0,2,0,2,0,0,0,0,4,0,0,0,0,0,0,0,0,0,0,3,0,1,3,0,5,0,2,0,0,0,1,0,1,0,0,0,0,5,0,0,2,0,0,0,2,3,0
116,CTA,0,0,0,0,0,0,0,0,0,0,0,0,10,0,1,3,1,0,1,0,12,0,0,0,0,0,0,0,58829,0,9,4,0,0,0,0,0,0,0,0,0,0,0,0,4,2,0,0,0,0,0,0,0,0,0,0,0,0,0,0,6,0,0,2
117,AAG,34,0,58799,4,0,0,4,2,0,1,2,0,3,0,1,0,0,2,1,10,0,0,0,0,1,0,0,1,2,0,7,0,6,0,3,0,3,0,3,0,1,0,0,0,0,0,4,0,0,0,0,1,2,2,0,2,0,0,6,0,0,3,4,0
118,CCA,0,5,0,0,2,0,0,0,0,1,0,0,0,2,0,0,9,0,0,0,58752,1,2,3,0,0,0,0,0,1,0,0,1,0,0,0,0,1,3,6,0,0,0,0,3,0,0,0,1,2,0,0,22,0,1,1,0,0,0,0,0,3,0,3
119,TGT,6,0,0,1,0,0,0,0,0,3,0,9,0,4,4,0,0,0,0,2,0,0,0,0,0,0,0,5,0,2,0,4,0,0,1,0,14,0,0,0,0,0,0,13,0,2,0,0,1,0,0,9,0,0,0,0,0,5,0,58810,0,0,0,4
120,GTA,8,0,1,0,5,5,2,3,0,0,0,0,28,1,0,8,0,0,0,0,0,0,0,0,0,3,0,0,0,1,0,3,0,6,0,0,10,4,0,0,0,1,0,0,58764,3,23,6,1,0,0,0,5,0,0,4,1,0,1,0,8,2,0,0
121,AAG,24,7,58818,15,1,0,5,2,2,5,5,2,2,0,4,4,2,1,2,0,0,0,0,0,0,1,0,3,0,1,0,0,0,0,6,0,1,2,0,0,0,1,0,2,0,4,0,0,0,0,0,0,5,1,0,1,0,0,0,3,2,0,0,0
122,TTA,0,0,0,1,0,0,0,0,0,0,0,0,0,0,0,0,1,0,0,0,0,0,0,0,0,0,0,0,4,0,0,2,0,0,0,0,2,0,0,0,0,0,0,0,2,0,0,5,1,0,0,0,1,0,0,0,0,0,0,0,58900,0,5,0
123,ACC,0,11,0,0,13,58720,9,31,0,4,0,0,2,24,1,0,0,2,0,0,0,2,0,0,4,0,0,0,0,0,0,0,0,0,3,0,6,8,0,0,0,0,0,0,0,0,0,4,0,0,0,0,4,4,2,0,0,5,2,1,4,0,0,0
124,CCT,0,0,0,0,1,8,1,8,0,0,0,0,0,0,0,0,0,0,0,13,8,12,0,58790,0,0,0,1,0,0,0,9,0,0,0,2,0,2,0,0,3,0,0,0,0,0,0,0,0,0,0,2,10,6,0,14,0,0,0,2,0,3,0,0
125,CTC,0,0,0,0,0,0,0,0,0,0,0,0,0,3,0,0,1,0,0,0,0,4,0,0,0,0,0,0,15,58892,0,7,0,0,0,0,0,0,0,0,0,0,0,0,0,0,0,0,0,0,0,0,0,0,0,0,0,0,0,0,0,3,0,0
126,TGC,0,0,0,0,2,0,0,0,0,2,0,0,1,0,0,0,0,0,0,0,0,0,0,0,0,6,0,0,0,0,0,0,0,0,0,0,0,0,0,0,0,0,0,0,1,0,0,0,0,5,1,0,0,3,0,0,1,58777,0,65,0,0,0,0
127,GTT,3,0,2,0,2,0,5,0,1,0,0,0,0,2,0,17,4,0,5,0,0,1,0,0,0,0,1,1,2,6,0,0,0,0,0,0,0,0,0,3,0,0,1,0,8,10,6,77629,0,0,0,0,0,0,0,9,0,0,0,2,0,0,0,1
128,ACT,0,1,0,3,4,21,4,77649,5,0,0,1,0,0,0,12,0,3,0,2,0,0,0,5,0,0,0,0,0,0,0,0,0,0,0,0,0,0,0,3,0,0,0,4,0,0,0,0,0,1,0,0,0,0,8,0,0,0,0,0,0,0,0,0
129,CTA,0,0,0,0,0,0,0,0,0,0,0,0,9,0,14,2,1,0,0,1,11,0,0,0,0,0,0,0,77603,4,10,3,0,0,0,0,0,0,0,0,0,0,0,0,0,0,3,0,0,0,0,0,0,0,0,0,0,0,0,0,11,0,2,2
130,CAG,8,5,5,1,0,1,2,6,0,0,0,1,4,1,4,3,26,7,77540,14,0,0,0,0,7,0,2,3,0,2,0,7,0,0,7,4,0,0,0,0,0,0,0,4,9,2,4,0,0,5,20,2,0,1,0,2,0,2,0,2,0,5,0,6
131,TGT,0,0,0,0,0,0,0,0,0,0,0,1,0,0,0,0,0,0,0,0,0,0,0,0,0,0,0,1,0,0,0,0,0,0,0,0,0,0,0,0,0,0,0,0,0,0,0,0,0,0,7,41,0,0,0,3,0,20,0,77607,0,0,0,1
132,ACC,0,13,0,1,5,77534,0,21,6,1,3,0,3,21,0,5,2,0,7,0,0,2,0,0,3,4,0,5,0,3,0,0,3,4,5,0,0,5,0,3,0,0,0,0,0,0,0,0,0,5,0,0,0,0,2,2,0,0,0,0,0,8,5,0
133,AAT,4,4,0,77614,0,0,0,0,0,0,4,1,0,0,0,0,4,2,0,3,0,6,0,2,0,0,0,3,4,7,10,8,0,0,0,14,5,4,0,2,0,0,0,0,0,1,0,0,0,3,0,0,0,0,0,3,0,0,0,0,0,0,4,2
134,GTC,0,0,3,0,0,0,0,0,0,0,0,0,0,29,0,0,0,2,0,0,2,0,3,7,0,0,0,0,0,8,3,3,0,2,0,0,0,9,0,0,0,0,0,0,22,77525,3,30,0,0,0,0,3,0,0,0,0,0,4,0,2,17,0,0
135,ACC,1,8,0,4,22,77514,3,21,0,10,0,0,4,23,0,0,0,3,2,0,0,1,0,1,2,1,0,2,3,0,4,0,0,0,0,0,0,3,8,0,2,4,11,0,0,0,0,0,0,0,0,1,0,1,0,13,0,13,1,0,0,0,0,0
136,AAT,1,13,0,77619,1,0,0,1,0,0,0,1,0,0,0,5,3,5,2,4,0,0,0,1,0,0,0,0,2,0,0,1,0,0,0,2,3,2,0,3,0,0,2,0,0,1,0,7,0,0,0,1,0,0,0,0,0,0,0,2,0,6,0,0
137,AAT,8,8,0,77623,1,0,0,4,2,1,0,6,0,0,0,1,0,0,0,3,0,2,0,1,0,0,0,3,0,0,0,0,1,0,0,5,0,0,0,3,0,0,0,0,0,0,0,0,0,0,0,0,0,0,0,0,0,0,2,0,0,0,0,2
138,ATC,7,2,0,0,0,1,0,0,0,3,0,0,11,77539,1,29,0,0,0,0,0,0,0,0,0,0,0,0,0,6,3,3,0,0,0,0,8,0,2,0,0,2,10,0,0,11,0,0,0,0,0,0,0,3,0,0,0,0,1,0,0,0,0,0
139,ACT,0,0,0,10,3,14,0,77573,0,0,0,1,0,0,0,9,0,0,0,0,0,0,0,0,1,0,0,0,0,0,0,0,0,0,0,0,0,0,0,4,0,0,3,4,0,5,0,0,0,0,0,0,5,0,0,6,0,0,0,0,0,0,0,0
140,GAT,4,0,0,30,2,2,3,0,0,0,0,0,1,0,0,4,0,1,0,3,0,0,0,2,0,0,0,0,0,4,1,0,11,1,5,76680,0,0,0,0,0,0,0,9,0,0,0,0,0,5,0,21,0,0,3,0,0,0,0,0,0,4,0,0
141,GAC,2,8,0,1,0,0,0,5,1,1,0,0,0,0,0,0,0,0,4,0,0,0,2,0,0,0,0,0,0,4,0,2,19,77078,5,51,2,8,2,0,2,23,0,1,2,3,0,2,0,3,0,1,2,0,4,0,1,2,0,0,0,0,0,0
142,ATG,0,0,16,0,2,2,16,0,0,0,1,0,19,1,76953,18,3,0,0,0,0,1,0,1,0,0,2,0,0,0,0,0,0,0,0,0,0,0,0,2,2,0,0,0,1,0,3,0,0,0,0,0,0,5,0,0,0,0,0,4,6,0,0,0
151,AGG,0,0,28,0,1,4,6,0,11,0,76781,4,1,0,11,0,0,0,5,0,3,0,0,0,3,2,8,0,8,0,0,0,0,0,0,3,1,2,3,0,0,0,21,0,0,0,5,0,3,3,0,0,2,2,0,0,0,0,3,0,0,0,0,1
152,GGA,4,5,0,2,0,0,0,2,34,0,3,0,0,1,0,5,0,1,0,0,0,2,0,0,4,0,0,6,0,0,0,0,9,0,0,0,4,4,0,0,77216,0,47,12,4,1,0,0,0,0,0,0,0,0,1,0,0,0,0,2,2,0,0,0
153,GAA,25,0,0,0,0,0,0,0,0,0,0,7,5,0,0,3,7,1,0,4,0,0,0,0,0,7,0,0,0,0,1,0,77251,0,4,3,0,0,0,0,5,0,0,2,1,4,2,0,4,3,0,0,7,0,0,0,0,0,1,0,0,0,0,0
154,TTA,0,0,0,0,0,0,0,0,0,0,0,0,5,0,4,0,0,6,0,6,0,0,0,0,0,0,0,2,0,7,0,2,0,0,0,0,5,0,0,0,0,0,0,0,9,0,0,5,0,0,0,0,4,0,4,0,0,0,0,2,77415,0,21,5
155,AAA,77367,1,4,11,3,4,3,0,6,0,0,0,0,0,7,0,1,5,6,0,0,0,0,0,1,0,0,0,3,1,0,6,0,0,0,0,0,3,0,0,0,0,0,0,0,5,0,0,0,3,0,0,0,0,3,0,0,0,3,2,14,0,4,0
156,AAC,12,77244,3,7,0,0,0,0,0,1,0,0,3,0,0,0,0,0,0,0,0,0,0,0,0,1,3,0,0,0,0,0,0,0,0,0,0,0,0,0,0,0,0,0,0,0,5,0,0,0,0,0,0,0,0,0,0,0,0,0,0,0,0,0
157,TGC,0,0,0,0,0,0,3,0,0,3,0,0,1,0,0,0,0,0,0,0,0,0,0,0,0,1,0,0,0,0,0,0,0,0,0,0,0,0,0,0,0,2,0,0,0,0,0,0,0,88,0,0,0,0,0,0,4,77073,0,41,0,3,0,0
158,TCT,0,0,0,0,4,6,3,5,0,1,0,4,0,0,0,0,0,0,0,0,0,0,0,2,0,0,0,0,0,0,0,0,0,0,0,0,0,0,0,0,0,0,0,0,0,0,0,0,0,0,0,0,8,14,1,77589,0,0,0,5,0,0,0,2
159,TTC,0,0,0,0,0,0,0,0,0,0,0,0,0,2,0,0,0,0,0,0,0,0,0,0,0,0,0,0,0,8,0,0,0,0,0,0,1,3,0,0,0,0,0,0,0,3,0,0,0,0,0,0,0,3,0,0,0,0,0,0,4,77596,0,11
160,AAT,5,6,2,77457,0,3,0,5,0,0,0,3,8,0,0,2,1,0,4,4,0,0,0,0,0,3,1,0,4,0,0,3,3,0,0,13,0,0,0,0,0,0,0,0,2,0,0,0,0,2,0,6,1,0,0,1,0,0,0,2,2,0,0,0
161,ATG,0,0,4,0,3,0,6,0,0,0,5,3,12,1,77309,10,0,2,0,0,0,0,0,2,0,0,0,0,4,0,0,0,0,0,0,0,2,1,0,0,0,0,0,0,1,1,22,1,0,0,0,0,0,1,0,1,0,0,0,0,1,0,8,0
162,ACC,0,3,0,0,20,76720,0,17,0,0,0,1,0,21,0,0,2,0,0,0,3,0,2,0,0,0,0,0,2,0,0,0,0,0,0,0,0,19,0,0,0,0,0,6,0,0,0,0,0,4,0,0,0,2,0,0,0,0,0,0,0,0,0,4
163,ACA,2,0,2,0,76970,20,121,16,0,0,0,1,6,0,0,0,0,0,0,0,0,0,0,0,0,0,0,0,0,0,0,0,0,0,0,0,0,0,0,0,0,0,3,0,0,0,0,0,0,0,0,0,0,0,3,0,0,0,0,0,0,0,0,0
164,GAG,0,4,9,0,0,0,0,0,0,0,0,0,3,0,0,2,0,0,0,4,0,0,0,0,0,0,0,0,0,0,0,0,37,2,76304,1,0,0,0,0,0,0,1,0,0,3,1,0,0,0,1,2,0,1,0,0,0,0,9,0,2,3,0,4
165,CTA,0,0,0,1,0,0,0,0,0,0,0,0,5,0,0,0,0,0,0,0,3,0,0,0,0,0,0,0,76813,3,10,3,0,0,0,0,0,0,0,0,0,0,0,0,2,0,0,0,0,0,0,0,0,0,0,0,0,0,0,0,6,0,0,0
166,AGG,5,3,14,2,0,0,2,2,22,0,75743,7,0,0,20,6,5,0,4,0,0,0,0,0,1,3,1,0,5,0,0,0,0,0,1,0,0,8,2,0,0,2,19,0,2,0,0,0,0,2,0,0,1,0,3,1,0,1,6,5,0,5,0,0
167,GAT,0,0,0,12,0,0,0,0,0,0,0,0,0,0,0,0,0,0,0,6,0,0,0,0,0,0,0,0,0,0,0,0,2,7,3,75982,0,0,0,0,0,0,0,0,0,0,0,0,0,0,0,0,0,0,0,0,0,0,0,0,0,0,0,0
168,AAG,14,1,76467,1,0,0,6,0,0,0,51,0,0,0,7,3,0,0,5,0,0,0,0,0,1,0,0,0,0,0,2,0,0,0,20,0,0,1,0,0,0,0,0,0,0,0,0,1,0,0,1,0,0,0,0,0,0,0,0,0,0,0,0,0
169,AAA,76942,1,0,5,9,2,1,0,4,0,2,9,0,1,0,6,3,3,2,3,0,0,0,1,1,3,3,2,11,2,5,14,2,5,2,0,0,0,0,0,0,0,4,0,1,8,7,5,0,5,0,6,5,3,1,2,0,0,0,0,12,3,2,0
170,CAG,0,0,4,0,3,0,0,0,0,0,0,0,0,0,0,0,4,0,75186,0,0,0,0,0,8,0,6,0,0,0,0,0,0,0,0,0,0,2,0,0,0,0,0,0,0,0,4,0,0,0,13,0,6,0,0,0,0,4,0,0,4,0,0,0
171,AAG,25,0,74722,5,2,1,4,1,0,1,7,0,3,0,4,1,9,0,0,0,0,0,0,0,0,0,1,0,0,0,0,0,0,0,11,0,0,0,0,0,0,3,0,0,0,0,0,0,0,1,0,1,0,0,3,1,0,1,0,0,0,0,3,2
172,GTT,0,0,0,0,0,0,0,0,0,0,0,0,0,0,0,11,0,1,0,0,3,0,0,0,0,0,0,0,0,0,0,0,0,0,2,0,1,2,0,4,0,0,0,0,8,4,4,67248,0,0,0,0,0,0,0,0,0,0,0,0,0,0,0,4
173,TAT,0,4,0,4,0,0,4,11,0,0,0,0,3,0,0,0,0,1,0,0,0,0,0,0,2,0,1,0,0,0,0,0,0,1,0,5,0,0,3,0,0,0,0,0,0,0,0,0,0,11,0,73781,3,0,3,0,0,0,1,0,0,0,0,6
174,TCA,0,3,0,8,4,0,0,0,0,0,0,7,0,0,4,0,0,10,0,0,2,0,0,6,0,0,0,0,0,0,0,0,0,0,0,0,3,0,0,0,0,0,0,0,3,0,0,0,0,0,0,0,71517,0,3,0,0,0,0,0,5,0,0,0
175,CTT,0,0,0,0,0,3,0,0,0,0,0,0,0,3,0,5,0,0,0,0,3,0,0,98,0,0,0,0,14,10,0,73959,0,0,0,0,0,0,6,0,0,0,0,0,0,0,0,0,0,0,0,0,0,0,0,0,0,0,0,0,0,0,0,27
176,TTT,0,0,0,0,0,0,0,0,0,0,0,0,0,0,0,0,0,0,0,0,0,0,0,0,0,0,0,0,0,0,0,9,0,0,0,0,0,0,0,0,0,0,0,0,0,0,0,0,0,0,0,1,0,0,0,3,0,0,0,0,7,19,0,72444
177,TAT,0,5,0,1,0,0,2,0,0,0,0,0,15,0,0,0,0,0,1,9,0,0,0,0,0,0,0,0,0,0,0,1,0,0,0,0,0,0,0,0,0,0,0,0,0,0,0,0,0,8,0,74186,0,2,0,0,0,0,0,6,8,0,0,2
178,AGA,6,3,0,0,0,8,10,0,64224,7,6,0,8,4,1,0,3,0,0,0,0,0,0,0,0,0,0,0,0,0,0,0,0,6,5,0,0,0,4,0,5,0,0,0,1,0,0,3,0,0,4,0,2,5,1,0,1,1,0,2,2,0,0,0
179,CTA,0,0,0,0,0,0,0,5,0,0,0,0,3,0,0,0,0,0,0,0,3,1,0,0,1,0,0,0,68683,0,17,0,0,0,0,2,0,0,0,0,0,0,1,0,4,0,0,0,5,0,4,0,0,1,0,0,0,0,0,0,23,4,0,4
180,GAT,0,0,0,10,0,0,0,0,3,0,0,0,0,2,6,0,0,0,0,0,0,0,0,0,0,0,0,0,0,0,0,0,2,3,0,58291,0,0,0,0,0,0,0,0,0,0,0,0,0,0,0,0,0,0,0,0,0,0,0,0,0,0,0,0
181,GTA,0,0,0,0,0,0,0,0,0,0,0,0,16,1,0,0,0,0,0,0,0,0,0,0,0,0,0,0,12,0,0,6,0,0,0,0,8,0,0,0,0,0,0,0,60834,0,16,4,0,5,9,0,0,0,0,0,0,0,0,4,8,0,0,0
182,GTA,0,0,0,0,0,1,0,0,0,0,0,1,34,0,0,0,0,0,0,3,0,0,0,0,0,1,0,0,0,0,0,0,0,0,0,0,3,0,0,0,0,0,0,0,56148,0,7,3,0,11,0,0,0,0,0,0,0,0,0,0,4,0,0,0
183,CAA,25,0,0,0,5,0,0,1,0,0,0,0,0,0,0,0,66371,1,0,1,1,0,0,0,0,0,0,0,1,0,0,2,0,0,0,0,0,1,0,0,0,0,0,0,0,0,0,0,11,0,0,0,0,0,0,0,0,0,0,0,0,0,0,0
184,ATT,0,0,0,5,1,0,0,0,3,0,0,0,4,7,0,60300,0,0,0,5,0,0,0,0,0,0,0,0,0,0,0,2,0,1,0,0,0,0,0,0,0,0,0,0,0,0,0,7,0,0,0,0,0,0,0,1,0,0,0,0,5,0,0,0
184a,AAC,6,51751,2,51,2,0,1,0,0,1,0,0,0,0,2,0,1,0,0,0,2,1,0,0,0,0,0,2,1,0,0,0,0,0,0,0,0,0,0,0,0,0,0,0,0,0,0,0,1,5,0,2,2,0,0,0,0,0,0,0,0,0,0,0
184b,GAG,0,0,5,0,1,5,0,0,4,0,0,0,0,3,1,2,0,0,2,0,0,1,0,0,2,0,0,0,0,0,0,0,12,0,20741,2,0,0,2,0,0,0,0,0,1,0,0,0,0,3,2,0,0,0,0,1,0,0,0,0,4,3,0,1
184c,AAT,12,5,1,51506,0,0,3,3,0,0,0,0,0,0,1,0,0,0,0,0,0,0,0,0,0,0,0,4,1,0,0,0,0,0,0,0,0,0,0,0,0,0,0,0,0,0,0,0,0,0,0,0,2,0,0,0,0,0,0,0,0,3,0,0
184d,CAA,25,4,3,0,4,0,0,2,0,0,2,0,6,0,0,0,75700,6,39,17,7,0,1,0,31,0,0,0,3,0,3,0,1,0,0,0,0,0,0,6,0,3,0,0,0,0,0,0,2,1,0,1,0,0,0,0,0,0,0,0,0,0,0,0
184e,GGT,0,0,0,1,0,0,0,0,4,0,0,25,0,2,0,9,0,0,0,0,0,0,0,0,2,0,0,0,0,0,0,2,0,0,0,30,0,0,2,0,1,5,0,75378,2,2,2,12,0,0,0,0,1,0,0,0,0,0,0,40,0,0,0,2
184f,AAT,3,0,0,76277,1,3,0,0,0,0,3,3,0,3,0,2,2,0,0,0,0,2,0,0,0,4,0,0,0,0,0,1,1,0,0,5,0,0,2,4,0,0,0,4,2,3,0,5,2,0,0,2,0,1,0,2,0,2,0,1,0,0,0,0
184g,AGG,3,0,13,0,0,0,7,0,18,0,75679,9,2,0,3,3,0,5,3,0,0,4,0,0,0,0,1,0,0,0,0,0,0,0,0,0,3,0,0,0,0,0,56,0,0,1,0,0,0,0,1,0,0,0,0,0,0,0,1,5,2,0,0,0
184h,AGT,0,0,0,37,1,2,0,0,18,10,0,76290,5,0,0,8,4,0,0,0,0,1,0,0,0,6,0,8,4,1,0,0,0,0,1,0,1,0,3,3,3,1,0,4,3,0,2,0,0,0,0,0,0,0,0,7,0,0,0,0,0,0,2,0
185,AAT,4,6,0,77189,6,0,6,1,0,0,0,11,0,0,0,4,5,0,0,6,1,3,1,0,0,0,3,0,0,0,0,0,2,0,0,1,3,0,0,2,0,0,0,0,0,0,0,0,0,1,0,1,0,0,1,0,0,5,0,0,0,8,2,4
186,AAT,32,1,0,77192,1,0,0,1,0,0,0,2,0,2,1,4,0,2,0,2,0,3,0,2,0,0,0,0,0,0,0,0,2,0,0,28,0,1,0,1,0,0,0,6,2,1,0,0,0,0,0,2,0,0,3,0,0,0,0,0,9,0,0,0
187,AGT,1,0,1,35,0,0,0,0,5,2,1,77081,1,0,3,5,8,5,2,0,0,0,0,0,0,0,0,0,0,0,0,0,0,3,0,0,1,0,3,0,0,8,0,55,0,0,0,0,0,1,0,2,0,3,0,0,0,0,5,5,0,0,5,0
188,AAC,14,77092,1,27,0,3,0,1,0,5,0,0,0,0,0,0,0,0,0,0,0,0,0,1,0,0,0,0,0,0,0,0,1,1,0,0,2,0,0,0,0,0,0,0,7,3,0,3,0,4,0,0,0,0,0,0,0,0,0,3,0,0,0,0
189,AAG,29,0,77197,22,0,0,0,0,1,0,11,8,0,0,0,0,2,0,0,0,2,2,7,0,0,0,1,0,0,0,0,0,0,0,12,0,0,0,0,0,0,0,0,0,4,0,0,2,0,0,0,0,2,0,0,0,0,0,0,0,2,7,0,0
190,GAG,0,0,15,0,0,5,0,0,0,0,0,0,0,6,3,0,0,4,0,0,1,0,0,2,3,0,0,0,0,6,0,0,24,0,77179,0,0,1,0,0,0,0,2,0,0,0,0,0,0,1,2,0,0,0,0,0,0,0,0,0,0,0,0,0
191,TAT,0,0,0,6,0,0,0,0,0,0,0,1,0,0,0,0,0,0,0,2,0,0,0,0,0,0,0,0,0,0,0,0,0,0,0,0,0,0,1,0,0,0,0,0,0,0,0,0,2,10,0,77542,0,0,4,0,0,0,0,3,0,0,0,5
192,AGA,12,0,0,0,0,2,0,0,77468,4,2,0,0,0,0,7,4,0,0,0,0,0,0,0,0,2,0,0,0,0,0,0,0,0,0,0,0,0,0,0,9,0,1,0,0,0,0,0,0,0,0,0,0,0,0,6,0,6,0,0,0,0,0,0
193,TTA,0,0,0,0,0,0,0,0,0,0,0,0,6,0,0,0,0,0,0,0,0,0,0,0,0,0,0,0,1,3,0,0,0,0,0,0,0,0,0,0,0,0,0,0,0,0,0,0,0,0,0,6,2,0,0,0,0,0,0,0,77507,0,9,0
194,ATA,5,0,0,8,4,4,0,4,3,3,0,1,77546,0,8,3,0,0,0,0,0,0,0,0,0,0,0,0,0,3,0,6,0,0,7,0,0,0,0,0,1,0,0,0,3,0,12,3,0,0,0,2,0,2,0,1,0,0,0,0,0,0,0,0
195,AAT,9,7,6,77510,1,3,0,6,0,4,0,2,0,0,0,0,3,4,0,2,0,0,0,0,0,0,0,0,0,0,0,0,0,0,0,0,0,0,0,0,0,0,0,0,0,0,0,0,0,3,0,4,8,5,0,0,0,0,0,0,0,0,0,0
196,TGT,0,0,0,0,0,0,0,2,0,0,0,3,0,0,0,0,0,0,0,0,0,0,0,0,0,0,0,0,0,0,0,0,0,0,0,0,0,0,0,0,0,0,0,0,0,0,0,0,0,0,0,20,0,0,0,0,0,27,0,77579,0,0,0,5
197,AAT,11,3,0,77517,0,0,0,5,0,0,0,7,0,0,0,1,0,0,0,0,0,0,0,0,0,0,0,0,1,0,0,0,4,0,1,12,3,2,0,0,0,0,0,1,0,0,0,0,0,1,0,0,8,0,0,0,0,0,0,0,0,0,0,0
198,ACC,0,0,0,3,22,77500,0,15,0,7,0,0,0,25,0,0,0,4,0,0,0,0,0,0,0,0,0,0,0,0,0,0,0,3,2,0,1,2,0,0,0,0,0,4,0,3,0,0,0,0,0,4,6,1,4,0,0,0,0,4,0,0,0,3
199,TCA,0,0,1,0,3,0,0,0,0,0,0,0,0,0,5,0,0,0,0,0,22,0,0,0,0,0,0,0,0,2,0,1,0,0,0,0,0,0,0,0,0,0,0,0,0,0,0,0,1,0,0,0,77559,0,51,1,0,0,0,0,0,0,0,0
200,GCC,0,0,0,0,0,58,0,0,0,0,0,0,0,0,2,4,0,0,5,0,0,0,0,0,0,0,0,0,0,1,0,0,0,5,2,0,11,77418,2,11,0,5,0,0,0,40,0,0,0,0,0,0,0,14,0,0,0,0,0,0,1,0,0,0
201,ATT,0,0,0,8,0,7,0,23,0,0,0,0,5,21,3,77595,0,0,0,0,0,2,2,0,0,0,0,0,0,0,0,0,0,0,0,0,0,5,0,2,0,0,0,0,0,2,0,4,7,0,0,0,0,0,0,0,0,0,0,0,4,0,1,0
202,ACA,7,0,0,0,77465,1,9,12,0,0,3,0,20,0,4,0,2,0,0,0,0,0,0,0,4,0,3,0,0,0,0,0,0,0,0,0,17,0,0,0,0,0,0,0,0,0,0,0,0,0,0,0,3,0,0,0,0,1,0,0,0,1,0,1
203,CAG,0,0,0,0,7,0,0,0,0,7,0,1,0,0,0,0,20,0,77421,14,3,1,3,0,0,2,41,0,0,0,12,0,0,0,0,0,0,3,0,0,0,0,2,0,0,0,0,0,0,0,13,1,1,0,3,0,0,0,0,0,0,3,0,0
204,GCT,0,0,0,0,2,1,0,52,0,0,0,0,0,0,2,0,0,0,0,0,0,0,0,0,0,0,0,0,4,1,0,2,0,0,0,1,6,13,2,77506,3,0,0,0,0,0,0,9,0,0,0,0,0,0,2,3,0,0,0,0,6,0,0,2
205,TGT,0,0,0,0,0,0,0,0,0,0,0,0,0,0,0,0,0,0,0,0,0,0,0,2,0,0,0,6,0,0,0,0,0,0,0,0,0,0,0,0,0,0,0,0,0,0,0,0,0,0,0,26,0,0,0,0,4,56,7,77463,0,0,0,0
206,CCA,0,6,0,0,1,1,0,0,2,4,0,0,0,0,0,0,4,0,0,0,77630,5,3,6,0,0,0,0,2,6,0,4,0,0,0,0,0,0,0,0,0,0,0,0,0,0,0,0,0,0,0,0,4,0,0,0,0,0,0,0,0,0,0,2
207,AAG,33,1,77450,1,0,3,1,0,9,3,29,0,0,10,5,0,0,4,3,1,1,5,7,0,5,6,0,0,2,4,4,0,0,0,1,0,5,2,0,0,0,0,0,0,0,5,0,0,2,0,3,0,5,3,4,0,0,0,0,0,3,0,3,0
208,GTA,0,0,0,0,8,4,2,0,0,0,0,0,45,4,7,2,4,0,0,0,0,0,0,0,0,0,0,0,23,20,0,1,0,0,0,0,26,2,1,0,0,0,0,0,77480,0,3,4,0,4,0,7,0,3,0,2,0,0,5,0,13,9,3,0
209,TCC,0,0,0,4,0,0,0,2,0,4,3,7,3,2,2,0,0,0,0,0,0,5,0,0,0,0,2,0,3,0,0,3,0,0,0,3,0,1,0,0,0,0,0,0,0,0,1,0,0,3,0,0,29,77569,1,13,0,0,0,0,1,4,0,0
210,TTT,0,4,0,2,3,0,0,0,0,0,0,0,0,2,0,2,4,1,0,0,0,0,0,1,0,0,0,0,6,4,3,19,0,0,0,0,0,5,0,1,0,0,0,0,2,11,0,7,0,0,0,0,0,0,2,7,0,0,2,1,7,4,1,77584
211,GAG,0,0,21,0,1,3,4,4,0,0,1,0,0,0,1,0,0,0,6,7,0,0,4,0,0,6,0,1,0,0,0,0,35,7,77462,4,0,0,2,1,0,0,18,0,0,5,1,1,0,14,8,0,2,2,4,0,0,0,0,0,0,0,0,0
212,CCA,0,5,0,0,0,0,8,5,0,0,0,0,0,0,0,0,7,0,0,0,77143,3,5,1,0,0,0,0,7,0,0,0,2,0,0,0,5,1,0,0,0,0,0,0,0,7,0,0,0,3,0,0,133,6,6,0,0,0,0,0,0,0,0,0
213,ATT,0,1,0,1,0,2,0,10,0,0,0,0,7,6,0,77655,0,0,0,0,0,0,10,0,0,0,0,0,2,2,0,0,0,0,0,0,0,0,0,0,0,0,0,0,0,0,0,0,0,0,0,3,0,0,0,0,0,0,0,0,6,0,0,0
214,CCC,0,6,0,0,0,1,1,0,0,0,0,0,11,0,0,0,0,0,0,3,12,77564,5,14,0,1,0,0,0,9,0,0,3,0,0,0,0,1,0,0,0,0,0,0,1,2,0,0,0,1,0,0,0,29,2,0,0,0,0,1,0,0,0,0
215,ATA,5,0,4,0,19,0,0,0,2,0,0,0,77590,4,13,0,0,1,0,0,0,1,0,0,0,0,0,0,6,2,2,6,0,0,3,0,0,0,0,0,0,0,0,0,2,0,1,4,0,0,0,2,0,0,0,0,3,0,0,0,9,1,0,0
216,CAT,0,1,0,12,7,2,9,4,0,1,0,4,5,0,0,5,7,27,3,77499,0,0,0,0,0,2,1,11,4,0,1,0,0,0,0,0,1,1,0,3,0,0,0,0,6,0,0,2,0,0,0,16,0,5,0,5,0,5,0,4,0,4,0,1
217,TAT,0,0,0,0,0,0,0,0,0,0,0,0,5,3,0,4,0,0,0,1,0,0,0,0,0,0,0,0,2,0,0,0,0,0,0,0,0,0,0,0,0,0,0,0,4,0,2,3,0,1,0,77665,3,0,0,0,0,0,2,10,3,2,1,4
218,TGT,0,0,0,0,0,0,0,0,0,0,0,0,0,0,0,0,0,0,0,0,0,0,0,0,0,0,0,0,0,0,0,0,0,0,0,0,0,0,0,0,0,0,0,2,1,0,0,0,6,0,0,17,0,0,0,0,3,1,0,77679,0,0,0,2
219,GCC,0,0,0,0,0,89,2,4,0,0,0,0,0,0,0,5,0,0,0,0,2,11,0,0,0,0,0,0,0,0,0,0,0,4,0,0,9,77369,11,7,0,0,0,0,8,71,3,0,0,0,0,0,0,11,0,3,0,0,0,0,0,0,0,0
220,CCA,0,0,0,0,8,0,2,2,0,0,0,0,0,0,0,0,3,0,0,0,77691,2,10,7,0,0,0,0,0,0,0,1,0,0,0,0,0,0,0,0,0,0,0,0,0,0,1,3,0,0,0,0,2,0,0,0,0,0,0,0,0,0,0,0
221,GCT,0,2,6,7,6,1,0,67,4,0,0,0,0,0,0,4,0,6,0,6,0,2,4,15,4,2,1,4,8,4,2,11,0,0,6,1,3,24,8,77306,5,0,0,0,3,4,4,44,0,0,0,4,0,2,0,5,0,5,0,1,2,0,0,0
222,GGT,0,0,0,0,4,0,2,0,0,0,0,18,0,0,0,0,0,0,0,1,0,0,0,5,0,0,0,0,0,0,3,0,0,0,0,6,2,0,0,0,8,9,4,77648,0,0,0,0,0,0,5,0,0,0,0,0,0,0,0,0,0,0,0,0
223,TTT,0,0,0,0,0,6,2,3,5,0,0,0,0,0,3,0,0,0,0,0,0,0,0,0,0,0,0,0,0,9,3,5,0,0,0,0,0,0,0,0,0,0,0,0,2,0,0,0,0,0,0,3,0,0,0,2,0,0,7,0,5,13,2,160919
224,GCG,3,0,0,0,0,0,25,7,0,0,0,3,4,0,0,1,0,0,0,0,0,0,0,0,1,1,1,0,0,0,0,0,2,0,0,0,36,7,82546,10,2,0,6,2,3,0,219,0,0,0,0,0,3,4,17,0,0,0,0,0,0,2,0,0
225,ATC,0,3,0,0,0,4,0,0,0,0,0,0,21,83081,10,16,0,0,0,0,0,0,0,0,0,0,0,0,0,1,9,0,0,0,0,0,0,0,0,0,0,0,0,0,0,4,6,0,0,0,0,0,0,1,0,0,0,0,0,0,8,0,0,4
226,CTA,0,0,0,0,0,0,0,0,0,0,0,0,42,0,0,3,0,0,0,0,12,0,0,0,0,0,0,0,83049,3,12,0,0,0,0,0,0,0,0,0,1,0,0,0,0,4,0,0,1,0,0,0,3,0,0,0,0,0,0,0,7,0,0,0
227,AAG,27,0,83085,4,0,0,0,0,7,0,23,0,0,0,0,3,0,0,1,0,0,0,0,0,0,0,2,0,4,5,2,4,2,0,9,0,0,0,0,0,0,0,0,0,0,0,0,0,0,5,0,3,2,0,0,0,0,0,0,0,7,0,5,4
228,TGT,0,0,0,0,0,0,0,0,0,0,0,4,0,0,0,0,0,0,0,0,0,0,0,0,0,0,0,8,0,0,0,0,0,0,0,0,0,0,0,0,0,0,0,0,0,0,0,0,0,0,0,21,0,0,0,0,7,22,0,83071,0,0,0,3
229,AAG,31,1,82814,4,3,0,13,0,6,0,73,0,0,4,30,0,6,1,0,0,0,0,0,0,0,0,0,2,2,0,4,2,8,0,24,10,2,0,0,0,5,0,2,0,2,3,0,2,0,2,0,0,0,0,0,0,0,3,3,0,3,8,4,8
230,GAT,0,6,1,11,15,3,1,2,0,1,0,4,0,7,5,1,0,0,1,4,0,5,0,0,0,0,0,0,0,0,0,0,3,1,6,82927,3,1,2,4,1,0,0,15,0,0,3,0,0,4,0,18,7,0,5,8,0,0,1,1,0,8,0,4
231,AAG,17,0,83088,10,0,0,3,0,1,0,33,0,0,0,1,4,0,2,0,1,0,0,4,0,0,0,0,0,1,0,0,0,0,0,30,0,0,0,0,0,0,0,0,0,0,0,0,0,0,3,0,0,0,0,1,0,0,0,5,0,0,4,0,0
232,AAG,63,4,82998,5,3,1,5,5,4,0,7,4,0,0,6,0,0,1,10,0,5,0,0,0,0,0,0,0,0,0,1,3,5,1,6,2,3,3,0,0,0,0,0,0,0,0,0,6,0,0,0,0,0,0,1,9,0,0,0,0,3,0,0,0
233,TTC,0,0,0,2,0,0,0,0,0,0,0,0,0,6,0,0,0,0,0,3,0,0,0,0,0,0,0,0,0,1,0,0,0,0,0,0,0,0,0,0,0,0,0,0,0,0,0,0,0,9,0,6,0,2,0,0,0,0,0,0,9,82925,1,14
234,AAT,5,3,3,82937,8,7,2,1,1,0,0,55,0,8,0,10,0,4,1,0,0,0,0,0,4,0,0,0,12,6,0,1,3,2,9,42,1,0,4,3,0,0,0,1,0,0,4,0,0,0,0,2,0,0,0,0,0,0,0,0,0,0,5,0
235,GGA,0,0,0,0,0,0,0,0,23,0,0,0,0,0,0,0,0,0,0,0,0,0,0,0,0,0,0,0,0,0,0,0,8,0,0,0,3,0,0,0,83067,0,7,1,0,0,0,0,0,0,0,0,0,0,0,0,4,0,0,0,0,0,0,0
236,ACA,6,1,0,5,82876,21,90,4,5,2,0,0,24,0,0,5,10,2,0,0,0,0,0,0,0,6,0,0,0,0,0,4,0,0,8,0,26,0,0,0,0,0,3,0,0,0,0,1,0,0,0,0,1,4,0,0,0,0,2,0,0,0,0,0
237,GGG,0,0,0,0,0,0,0,0,0,0,25,0,0,0,0,0,0,0,2,0,0,0,0,0,0,0,0,0,0,3,0,0,0,0,5,0,0,0,1,0,129,7,82492,8,0,0,4,0,0,0,0,3,0,0,0,0,0,0,23,0,0,0,0,0
238,CCA,2,0,0,0,17,1,3,4,8,0,0,0,0,0,0,0,20,2,0,6,82767,2,24,0,12,0,4,3,13,2,0,4,0,0,0,0,0,2,5,0,0,2,0,0,0,0,0,2,0,0,0,0,68,3,3,0,0,0,6,0,0,0,0,0
239,TGC,0,0,0,0,0,0,0,0,0,3,0,0,0,0,0,0,0,0,0,0,0,0,0,0,0,6,0,0,0,0,0,0,0,0,0,0,0,0,0,0,0,0,0,0,0,0,0,0,0,45,0,0,0,0,0,0,6,82718,2,60,0,2,0,0
240,CCA,6,13,0,0,16,1,5,7,0,0,3,0,0,4,0,0,15,2,10,0,82758,13,16,2,7,13,0,9,13,0,5,5,1,3,0,2,3,1,0,0,0,0,0,0,3,0,0,0,0,0,2,4,13,2,6,0,0,0,0,0,0,8,0,6
241,AGT,10,13,7,55,0,2,0,0,2,18,11,82514,1,7,0,5,0,3,0,0,0,0,0,0,0,0,0,10,0,2,0,0,0,6,0,7,0,0,0,0,0,0,14,24,2,0,0,0,0,0,0,0,0,0,0,18,0,3,1,13,3,0,0,0
242,GTC,6,0,0,0,0,0,0,0,0,0,0,0,0,50,0,0,0,0,0,0,0,0,0,0,0,0,0,0,0,0,7,2,0,0,0,0,0,9,0,3,4,0,0,0,14,82500,1,35,0,0,0,0,0,0,0,0,0,0,0,0,0,2,8,0
243,AGC,0,90,0,1,7,0,2,5,1,82041,2,95,0,0,0,5,0,1,0,12,0,0,0,0,0,0,0,0,0,0,0,0,0,0,0,0,0,4,0,3,3,67,0,3,0,0,2,0,0,9,0,5,1,2,0,0,0,2,4,0,0,10,0,11
244,ACA,5,0,0,0,82591,0,30,7,0,0,0,0,39,0,0,2,3,0,0,0,6,2,0,0,0,0,0,3,0,0,3,3,0,0,0,0,2,12,0,4,1,0,0,2,3,1,1,3,0,0,0,0,0,7,0,0,0,0,0,0,0,0,0,0
245,GTA,0,0,0,0,0,2,0,6,0,0,0,0,36,0,0,2,0,0,0,0,0,0,0,0,0,0,0,0,8,0,0,0,0,0,0,4,22,3,0,0,0,0,0,2,82161,0,7,0,0,0,0,0,0,0,0,0,0,0,0,0,2,0,0,0
246,CAA,1,0,0,0,0,0,0,4,5,2,0,5,0,0,0,0,82991,2,19,2,3,0,0,0,6,0,0,0,1,3,0,0,4,0,0,0,5,0,0,0,0,0,0,0,3,0,5,8,10,0,0,0,7,0,1,1,0,0,0,0,4,0,0,0
247,TGC,0,0,0,0,0,0,0,0,0,0,0,0,0,0,0,0,0,0,0,0,0,0,0,0,0,3,0,0,0,0,0,0,0,0,0,0,0,0,0,0,0,0,0,0,0,0,0,0,0,83,0,0,0,2,0,0,1,82615,1,69,0,1,0,0
248,ACA,5,0,0,0,83014,1,11,12,2,0,0,0,20,0,0,0,3,0,0,0,0,4,2,0,0,0,0,0,0,0,0,0,0,0,2,0,1,1,3,0,0,0,0,0,0,0,6,0,0,0,0,0,3,4,0,2,0,0,0,0,0,0,0,0
249,CAT,0,0,15,22,6,2,0,0,0,0,0,0,0,0,0,0,7,15,3,82673,7,6,3,2,0,0,0,6,0,0,0,4,0,4,0,13,0,0,0,1,3,0,1,0,0,0,0,0,0,5,0,16,0,0,0,0,0,0,0,0,2,0,0,0
250,GGA,1,2,0,3,0,0,0,0,19,3,0,0,0,0,0,0,0,0,4,0,1,1,0,0,0,0,2,0,0,0,0,0,9,0,0,0,13,0,0,4,82755,2,10,0,1,0,0,0,0,0,0,0,4,0,0,0,10,0,0,0,0,0,0,1
251,ATC,0,0,0,0,0,2,0,0,0,0,0,0,6,82548,0,5,0,0,0,0,0,0,0,0,0,0,0,0,0,7,0,0,0,0,0,0,0,0,0,0,0,0,0,0,1,2,0,0,0,0,0,0,0,0,0,0,0,0,0,0,2,1,0,0
252,AAG,34,6,82439,0,0,0,0,2,0,0,21,0,6,0,6,0,4,5,1,0,0,2,0,2,0,0,0,2,3,0,4,0,0,0,30,2,1,0,5,1,5,2,5,0,0,0,0,3,0,0,0,0,2,0,0,12,0,0,0,2,2,0,18,2
253,CCA,0,0,0,0,13,0,0,0,0,0,0,0,0,0,0,0,14,0,0,1,82311,0,10,6,0,0,0,0,3,0,0,0,0,0,0,0,0,14,2,0,4,0,4,0,0,0,0,4,0,1,0,0,52,2,0,0,1,0,0,0,0,0,0,0
254,GTA,0,0,0,0,3,5,0,0,0,4,4,1,48,3,0,0,7,4,0,6,0,0,0,0,0,0,0,0,2,24,3,0,3,0,7,0,6,0,3,5,2,2,0,0,82346,5,31,4,0,0,0,0,9,0,0,3,0,7,0,0,11,0,0,0
255,GTA,0,0,0,0,2,0,0,0,0,0,0,0,24,0,0,2,0,0,0,0,0,0,2,0,0,0,0,0,7,0,0,0,0,0,0,0,10,0,0,3,0,0,0,0,82071,3,6,4,2,5,0,3,0,0,0,0,0,0,0,0,4,0,0,0
256,TCA,0,0,0,0,3,5,5,0,0,0,0,0,0,0,0,0,0,0,0,0,3,0,0,0,0,0,0,0,0,0,0,0,0,0,0,0,4,0,3,2,0,0,0,0,1,0,0,2,1,0,0,0,81507,0,9,0,0,0,0,0,6,0,0,0
257,ACT,0,0,3,0,12,19,0,82488,0,2,0,3,0,0,0,11,0,0,0,0,0,0,0,0,0,0,0,0,0,0,0,0,0,0,0,0,0,0,0,6,2,0,0,0,0,0,0,0,0,0,0,0,0,6,3,6,0,0,0,0,0,0,0,0
258,CAA,0,2,0,0,0,0,0,0,0,0,0,0,0,0,0,0,81964,0,8,8,0,0,0,0,8,0,0,0,0,0,0,0,0,0,0,3,7,2,0,0,0,0,0,0,0,0,0,2,17,0,0,0,0,0,0,0,2,0,0,0,0,0,0,0
259,CTG,0,0,4,0,0,0,0,0,0,0,0,0,0,0,5,0,0,0,0,0,0,0,2,0,0,0,0,0,64,1,79502,6,0,0,0,0,0,0,0,0,0,0,0,0,0,0,6,0,0,0,0,0,0,0,0,0,0,0,0,0,0,0,7,0
260,CTG,0,0,0,5,7,0,0,0,0,0,0,0,3,6,19,0,0,0,2,0,0,0,19,0,0,0,0,0,39,4,79150,3,0,0,0,0,0,0,0,0,0,0,0,0,0,2,7,1,0,0,0,0,0,0,0,0,0,0,4,0,5,0,46,10
261,TTA,0,0,0,0,0,0,0,1,0,0,0,0,5,0,0,0,0,0,0,0,0,0,0,0,0,0,0,0,8,0,0,0,0,0,0,0,0,0,0,0,0,0,0,0,12,5,0,0,0,0,0,0,5,0,0,0,0,0,0,0,77262,0,12,0
262,AAT,2,2,0,78511,0,0,0,0,0,0,0,4,0,0,0,0,0,0,0,0,0,0,0,0,0,0,0,0,0,0,0,0,0,0,0,0,0,0,0,0,0,0,0,0,0,0,0,0,0,0,0,0,0,0,5,0,0,0,0,0,0,0,0,0
263,GGC,0,4,0,0,1,1,0,0,0,19,0,0,0,3,0,0,0,0,0,0,0,0,0,0,0,3,0,0,0,3,0,2,0,82,0,0,0,0,7,0,6,72416,6,123,0,5,0,0,0,0,0,0,0,0,0,0,3,6,0,0,5,0,0,0
264,AGT,0,0,0,24,0,1,0,0,0,1,0,77676,0,0,0,0,0,0,0,0,0,0,0,0,0,0,0,0,0,0,0,0,0,0,0,0,0,0,3,0,0,0,0,4,0,4,0,0,0,0,0,0,0,0,2,0,0,0,0,1,0,0,2,0
265,CTA,0,0,0,0,0,0,5,0,0,0,0,0,11,0,2,2,0,0,0,0,3,0,0,0,0,0,0,0,78718,9,17,9,0,0,0,0,0,0,0,0,0,0,0,0,10,3,0,0,0,0,0,0,0,0,0,0,0,0,0,3,12,0,8,0
266,GCA,0,2,0,0,56,1,3,0,2,1,0,0,0,0,0,3,6,0,0,0,2,0,0,0,0,0,5,0,0,0,0,1,2,0,0,0,76532,5,34,7,1,0,0,0,44,0,0,1,0,0,0,0,6,0,0,0,0,0,0,0,3,0,2,0
267,GAA,20,0,0,1,0,0,0,0,0,4,0,1,1,0,2,0,0,0,0,0,0,2,0,0,0,0,3,0,0,0,0,7,76015,0,1,0,0,9,0,5,1,1,0,0,3,0,0,4,1,0,0,3,0,0,0,0,0,0,2,0,0,0,1,3
268,GAA,11,0,1,0,0,2,0,0,3,3,4,3,5,1,4,0,0,3,0,0,0,3,0,0,0,0,2,0,0,0,0,3,76480,7,6,4,1,2,8,2,2,0,0,0,0,1,0,2,9,4,3,0,11,2,8,0,4,0,0,0,4,0,0,0
269,GAG,0,0,23,2,0,5,2,0,3,0,2,0,0,0,0,0,0,4,0,2,0,0,0,0,0,0,3,0,0,0,0,0,32,1,69914,24,5,1,3,5,16,0,17,6,0,0,1,0,0,3,1,2,0,0,0,3,0,0,0,0,1,0,0,0
270,GTA,0,0,0,0,6,3,0,0,0,0,0,3,73,0,1,2,0,0,0,0,6,0,0,1,0,0,0,0,5,0,1,0,5,0,0,0,3,0,0,0,0,0,0,0,60361,3,6,2,1,0,0,0,0,0,0,0,0,0,0,0,2,0,0,4
271,ATG,0,4,11,0,3,0,5,0,0,0,3,2,14,0,67201,7,0,2,2,0,0,0,0,0,0,0,0,0,0,0,1,6,0,0,1,0,0,0,0,0,0,0,0,0,0,0,4,2,0,0,0,1,0,0,0,1,4,0,1,0,0,0,2,3
272,ATT,0,0,0,0,0,0,0,0,0,0,0,0,0,3,0,44308,0,0,0,0,0,0,0,0,0,0,0,0,0,0,0,0,0,0,0,0,0,0,0,0,0,0,0,0,0,0,0,6,0,0,0,0,0,0,0,0,0,0,0,0,0,0,3,0
273,AGA,23,0,0,0,3,0,2,2,63019,0,0,5,7,0,1,0,0,0,0,4,0,0,0,0,1,0,0,4,0,2,0,1,0,0,0,0,0,0,0,0,9,0,0,0,0,0,1,0,0,0,0,0,0,2,0,0,0,1,0,0,0,0,0,0
274,TCT,0,0,0,0,0,0,0,4,0,0,0,1,0,0,3,0,0,0,0,0,0,0,0,1,0,0,0,0,0,0,0,0,0,0,0,0,2,1,3,2,0,2,1,1,2,0,3,0,0,0,0,14,5,36,3,48382,0,0,0,6,1,0,0,2
275,GAA,33,0,0,0,7,0,2,0,0,0,0,0,0,0,0,0,0,0,0,0,4,2,0,0,0,0,0,0,0,0,0,0,62019,2,3,3,1,0,0,0,7,0,0,2,0,0,3,0,2,0,0,0,0,1,0,1,0,1,0,0,1,0,3,0
276,AAT,16,0,3,75409,1,0,0,0,0,2,0,1,1,0,0,2,0,0,0,0,0,0,0,0,0,0,0,0,0,0,0,0,0,2,0,1,0,0,0,0,0,0,0,2,0,1,0,0,2,2,0,0,0,1,1,1,0,0,0,0,0,0,0,0
277,ATC,0,3,0,0,0,4,0,0,0,0,0,1,4,80849,0,10,0,0,0,2,4,0,0,0,0,0,0,0,1,0,0,7,0,0,0,0,0,0,0,0,0,0,0,0,1,11,3,3,0,5,0,1,0,0,0,0,0,0,2,0,2,5,0,0
278,ACA,22,0,0,0,82006,1,14,0,0,0,2,0,17,3,5,0,0,6,0,0,0,0,0,0,0,0,0,1,0,0,1,0,0,0,0,0,15,2,0,0,3,0,0,0,0,0,0,0,0,0,0,0,0,0,0,0,0,0,0,0,0,0,4,0
279,AAC,168,80873,2,13,7,0,0,0,0,3,0,1,0,0,0,0,0,1,0,0,0,0,0,0,0,0,0,0,0,1,0,0,0,5,5,0,0,0,0,0,0,0,0,0,0,0,0,0,0,0,0,0,0,0,0,0,2,0,0,0,0,0,0,0
280,AAT,4,4,0,80669,1,0,0,0,0,0,0,3,4,0,7,0,154,0,0,0,0,0,0,0,0,0,0,0,0,0,0,0,0,0,0,9,0,0,0,0,0,0,0,0,0,0,0,0,0,0,0,0,0,0,0,0,0,0,0,0,0,0,0,0
281,GCC,0,2,0,0,0,84,0,0,2,0,0,0,0,2,0,0,0,0,5,0,7,0,0,0,0,0,0,0,0,0,0,2,0,6,0,0,7,74752,0,4,2,1,0,6,0,49,0,0,0,0,0,1,0,14,0,3,0,149,0,0,0,0,0,0
282,AAA,82324,0,5,1,0,0,0,0,0,0,0,0,0,0,0,0,171,3,0,0,0,0,0,0,0,0,0,2,0,0,0,0,1,0,0,1,0,0,0,0,2,0,0,0,2,0,0,0,0,0,0,3,0,0,0,0,0,0,0,0,2,0,2,0
283,AAC,6,82017,0,12,0,0,0,0,0,14,0,0,0,0,1,0,0,0,0,0,0,3,0,0,0,0,0,0,0,0,0,0,0,0,0,0,0,3,0,0,0,0,0,3,6,0,0,0,0,0,0,0,2,1,2,1,0,0,0,0,0,0,0,0
284,ATA,4,0,0,0,1,0,0,0,0,0,0,0,82524,3,17,4,3,0,0,0,0,0,0,0,0,0,0,0,1,3,1,2,0,0,0,0,0,0,0,0,0,0,0,0,0,8,0,2,0,0,0,0,1,0,0,0,0,0,0,0,2,1,3,0
285,CTA,0,3,0,0,0,0,0,0,0,0,0,0,28,0,4,4,5,0,0,4,2,0,0,0,0,0,0,0,82141,11,9,9,0,0,0,0,0,0,0,1,0,0,0,0,2,0,10,3,0,12,0,1,0,0,0,0,0,0,0,0,33,10,2,0
286,GTA,0,0,0,0,0,0,0,0,0,0,0,0,54,12,0,2,0,0,0,0,0,0,0,0,0,0,0,0,0,0,0,0,0,0,0,0,7,0,0,0,0,0,0,0,82296,0,9,0,0,0,0,1,0,0,0,0,0,0,0,0,1,0,0,0
287,CAA,13,7,0,0,0,0,0,0,0,1,0,0,0,1,0,0,81903,0,0,3,0,0,0,0,4,0,0,0,1,0,0,2,0,0,0,0,0,0,0,2,0,0,0,0,4,0,3,0,10,2,0,0,0,1,0,0,0,0,0,0,0,0,0,0
288,TTT,0,0,0,0,0,0,0,0,0,0,0,0,0,0,0,1,0,0,0,0,0,0,0,0,0,0,0,0,2,0,0,4,0,0,0,0,0,0,0,0,0,0,0,0,0,0,0,4,0,0,0,0,0,0,0,6,0,0,0,0,0,4,1,80974
289,AAC,14,82552,0,45,0,0,0,0,0,39,5,0,0,0,0,0,0,0,1,0,0,1,0,0,0,0,0,0,0,0,0,2,0,14,0,0,2,0,0,0,0,0,0,0,0,0,0,0,0,0,0,0,0,0,0,0,0,0,0,0,2,3,0,0
290,ACG,0,0,17,0,38,0,82755,9,0,1,1,2,0,0,32,0,0,2,0,4,0,0,1,0,0,0,0,0,0,0,0,0,3,0,0,0,7,2,8,0,0,0,0,0,0,0,0,0,0,0,0,0,0,0,1,1,0,0,0,0,0,0,0,0
291,CCT,0,0,0,0,0,0,0,3,0,0,0,0,0,0,0,0,0,0,0,7,9,68,8,82137,0,0,0,3,0,0,0,5,0,0,0,0,0,0,0,1,0,1,0,0,0,0,0,0,0,0,0,0,4,0,0,31,0,0,0,0,0,0,0,0
292,GTG,0,0,0,0,0,0,0,0,0,0,0,0,0,2,59,2,0,0,0,0,0,0,0,0,0,0,0,0,0,0,3,0,0,0,4,0,0,0,14,0,0,0,0,0,115,6,82585,13,0,0,0,0,0,0,0,0,0,0,0,0,0,0,1,0
293,CAA,21,3,2,5,8,0,2,0,0,0,0,5,0,0,4,5,82770,2,10,1,12,4,3,0,3,0,0,0,1,0,0,0,0,1,0,2,0,0,0,2,7,0,0,0,0,0,0,0,64,0,0,0,0,0,0,0,0,0,2,0,0,0,0,7
294,ATT,0,0,0,0,0,0,0,2,0,0,0,1,6,5,4,83020,0,0,0,0,0,0,0,0,0,0,0,0,0,0,0,7,0,0,0,0,0,0,0,0,0,0,0,0,0,0,0,0,0,0,0,0,0,0,0,0,0,0,0,0,2,0,7,1
295,AAT,3,2,1,83019,0,4,3,7,8,0,0,6,2,0,6,0,0,3,4,6,0,0,0,0,3,0,2,4,6,0,0,6,0,0,1,7,7,0,3,0,4,0,1,2,0,2,0,0,0,0,0,4,4,0,4,0,0,0,5,8,5,0,0,5
296,TGT,0,0,0,0,0,0,0,0,0,0,0,2,0,0,0,0,0,0,0,0,0,0,0,0,0,0,0,0,0,0,0,0,0,0,0,0,0,0,0,0,0,5,0,3,0,0,0,0,0,0,0,35,0,0,0,0,0,13,0,83080,0,0,0,0
297,ACC,0,0,0,0,6,82936,5,28,0,1,0,1,0,33,0,1,0,0,0,0,0,0,0,0,0,5,0,0,0,0,0,0,4,0,0,0,2,14,0,1,0,1,0,0,0,0,4,0,0,0,0,2,2,6,0,0,0,0,0,0,0,0,0,0
298,AGA,23,0,5,0,6,0,0,0,82997,0,8,0,0,0,0,0,0,0,0,0,0,0,0,0,4,3,0,0,0,0,0,0,0,0,0,0,2,0,0,0,32,0,0,0,0,0,0,0,0,0,0,0,0,0,0,0,3,0,0,0,0,0,0,0
299,CCT,0,0,0,0,0,0,0,13,0,4,0,0,0,0,0,0,0,3,0,9,2,16,0,82607,0,2,0,0,2,0,7,1,2,0,0,2,7,0,0,1,1,0,0,1,0,0,5,0,0,0,0,0,0,0,0,14,0,0,0,0,1,0,6,0
300,AAC,5,82796,0,25,0,0,4,1,0,2,0,0,5,0,0,0,0,0,0,1,2,0,0,0,0,1,0,3,0,0,0,0,0,4,0,0,7,0,0,0,0,0,1,0,0,0,0,0,0,0,0,0,0,0,5,0,0,7,0,0,0,1,0,0
301,AAC,6,82758,2,27,0,0,0,0,0,6,5,0,0,0,0,0,0,4,0,0,0,2,0,0,5,0,0,0,0,0,0,0,0,2,0,0,2,0,0,2,0,0,0,0,0,0,0,0,0,3,1,0,0,0,0,0,0,0,3,0,1,4,0,3
302,AAT,0,0,0,82749,6,0,0,0,1,5,2,8,0,0,0,0,3,0,5,0,0,0,0,0,1,3,5,2,0,0,0,0,0,0,0,0,4,5,0,7,0,0,0,0,0,0,0,0,0,0,0,3,1,3,3,0,0,3,1,2,0,3,0,0
303,ACA,4,0,0,0,83026,4,29,6,0,3,0,0,12,0,0,0,0,0,0,0,0,0,0,0,7,0,0,0,0,4,2,3,0,0,1,0,3,0,0,0,0,0,0,0,0,0,5,0,0,0,0,0,3,0,0,0,0,4,0,0,0,0,0,0
304,AGG,0,0,54,1,0,3,0,6,28,0,82847,0,2,0,12,5,0,0,1,3,0,0,0,0,1,0,6,0,3,1,0,0,2,0,4,0,0,7,0,0,0,2,31,2,1,1,0,2,0,0,0,0,0,0,3,4,0,1,14,3,0,3,0,0
305,AAA,83094,0,4,4,0,0,0,0,11,0,0,0,0,0,0,4,0,0,0,2,0,0,0,1,0,4,0,0,0,0,0,0,0,3,0,0,0,1,0,0,0,0,0,0,0,0,3,2,0,0,0,3,2,1,0,0,0,0,0,0,0,0,0,0
306,AGT,6,1,5,20,2,9,0,5,0,4,3,82963,1,0,3,2,12,0,2,1,1,3,3,4,0,0,2,1,6,2,0,0,3,13,0,4,4,1,6,6,0,0,4,33,0,5,1,9,0,4,0,0,0,0,0,0,0,3,0,5,0,0,0,0
307,ATA,0,0,0,0,1,4,4,0,0,0,0,0,83153,1,18,8,0,0,0,0,0,0,0,0,0,0,0,0,0,0,0,0,0,0,0,0,0,0,0,0,0,0,0,0,4,0,2,0,0,6,0,0,0,0,0,0,0,0,0,0,0,0,0,3
308,CGT,0,4,1,10,3,0,3,0,0,5,0,15,3,0,2,5,0,9,6,53,11,4,19,0,5,10,5,82811,2,19,1,18,0,0,1,0,2,2,0,3,0,0,1,1,4,5,0,3,0,3,0,0,1,0,2,0,0,0,2,51,0,0,5,0
309,ATA,2,0,0,0,4,3,0,0,0,0,0,0,82949,1,35,4,0,0,0,0,0,0,0,0,0,0,0,0,0,0,0,0,0,0,0,0,0,6,3,4,0,0,0,0,0,0,0,4,0,0,0,4,0,0,0,0,0,0,0,4,0,2,0,0
312,GGA,2,0,0,0,0,0,0,0,14,1,0,0,0,0,0,0,3,0,0,0,0,0,0,0,0,0,0,0,0,0,0,0,5,0,0,0,1,0,2,0,83119,2,18,0,4,0,0,4,0,0,0,0,0,0,0,0,9,0,6,0,6,0,0,3
313,CCA,0,0,0,2,11,0,0,6,0,0,0,8,0,0,1,0,8,0,3,5,82989,4,74,9,1,0,0,0,8,0,0,2,0,0,0,0,4,0,1,0,0,0,2,0,0,0,0,0,0,3,0,0,9,0,4,0,0,0,0,0,0,0,2,0
314,GGA,0,0,0,0,0,0,0,0,14,0,0,0,0,0,0,0,0,3,0,0,0,0,0,0,4,0,0,0,0,0,3,0,12,0,0,2,0,0,0,0,83080,0,10,0,0,0,0,0,0,0,0,0,0,0,0,0,3,0,0,0,0,0,0,0
315,CAA,3,3,0,0,3,0,1,0,0,0,0,4,5,0,1,0,83138,8,15,6,0,3,0,0,3,3,7,0,3,1,0,0,3,0,0,0,0,0,0,0,0,1,0,0,1,4,0,0,2,0,0,0,0,0,0,0,0,0,0,0,3,0,0,1
316,GCA,8,0,0,5,46,3,3,0,3,2,0,4,0,0,2,0,15,12,4,3,4,4,0,1,12,0,0,0,5,8,0,8,29,0,6,9,82747,3,0,11,3,6,0,0,47,0,0,0,0,0,0,0,13,17,4,3,0,0,0,0,6,0,6,0
317,TTC,0,0,0,0,0,0,0,0,0,0,0,0,0,9,0,3,0,0,6,0,0,0,0,0,0,0,0,0,2,3,0,4,0,0,0,0,0,0,0,0,0,0,0,0,1,0,0,0,0,0,0,2,0,0,0,0,0,0,2,0,8,83186,0,9
317a,TAT,0,0,0,2,0,0,4,0,0,0,3,1,10,6,12,16,0,0,0,21,0,0,0,0,3,0,0,0,5,0,0,3,0,0,10,1,1,0,0,11,2,0,0,0,0,0,2,2,0,13,4,83020,0,0,0,5,0,0,5,2,11,7,1,18
318,GCA,0,0,0,0,49,2,0,0,0,6,0,0,4,7,3,0,0,5,0,3,0,0,0,0,0,0,0,0,0,0,1,0,4,0,4,0,82955,4,20,1,1,0,7,0,39,0,0,0,0,0,0,3,9,0,0,0,0,0,0,0,0,5,0,4
319,ACA,11,2,0,7,83031,11,52,0,0,1,0,5,21,0,0,0,0,3,1,0,3,10,0,0,4,0,3,0,0,4,0,0,0,0,0,0,4,0,3,0,0,0,0,0,0,0,0,4,0,0,0,2,0,5,4,0,0,0,0,0,0,14,0,4
320,GGG,0,5,0,6,0,5,0,0,0,0,27,2,3,9,0,0,0,0,4,2,0,0,0,0,4,6,9,0,0,0,0,0,0,0,29,0,0,6,0,0,19,0,83041,10,0,10,1,8,0,0,5,0,0,3,1,0,0,0,14,2,2,4,0,0
321,GAC,0,16,4,10,6,0,4,0,0,0,0,3,0,0,0,0,0,7,0,0,0,7,1,0,0,0,1,0,0,0,0,0,10,102596,0,76,0,0,6,0,0,37,1,0,0,7,0,0,0,7,0,3,0,0,0,0,0,0,5,0,0,0,0,9
322,ATA,1,1,0,4,19,6,0,0,0,0,0,0,102727,5,29,4,0,5,0,0,5,7,0,1,0,0,0,0,0,0,0,0,0,0,0,0,0,0,2,0,1,0,0,0,2,0,0,0,0,0,0,0,4,0,3,0,0,0,13,1,5,8,0,5
323,ATA,9,14,4,3,10,4,0,9,7,0,11,1,102428,7,70,6,4,17,0,9,2,2,0,10,8,12,3,1,8,2,5,0,2,4,1,0,3,6,5,0,0,6,6,18,1,4,4,0,0,0,0,6,0,9,0,3,0,0,0,5,9,4,4,8
324,GGG,0,4,2,0,0,0,2,0,0,0,22,0,0,1,3,0,2,3,0,5,0,0,0,0,0,6,3,0,0,0,0,0,0,0,22,5,5,0,0,3,31,0,102609,29,0,0,7,0,0,0,0,4,10,0,0,0,0,0,13,0,1,0,7,0
325,GAT,3,4,6,30,0,0,2,0,0,0,0,5,8,0,0,3,5,19,0,13,2,0,1,0,5,0,0,0,7,13,0,5,20,24,8,102399,9,0,0,0,0,4,3,9,0,0,4,11,0,0,0,20,1,0,3,2,0,2,6,5,0,0,0,4
326,ATA,10,4,3,3,14,4,3,6,0,4,3,0,102640,4,76,0,12,0,0,1,0,3,0,0,3,0,0,0,0,12,4,0,0,8,0,0,5,6,0,4,5,7,5,4,13,2,0,8,0,7,0,11,0,5,0,0,0,0,0,0,19,0,15,0
327,AGA,20,0,0,0,2,2,1,5,102611,2,10,3,4,0,3,5,2,5,4,0,0,0,0,0,2,3,0,0,0,0,0,10,0,0,0,0,1,0,0,13,11,3,6,0,0,0,0,7,0,0,0,0,6,0,0,5,0,6,0,0,0,0,0,0
328,CAA,30,0,4,0,3,1,0,0,0,0,1,6,0,3,0,0,102694,10,37,4,0,8,0,0,6,2,0,0,7,12,3,0,0,0,0,0,0,7,0,4,0,4,1,0,0,0,0,0,7,0,0,0,6,11,3,4,0,2,8,8,0,0,0,2
329,GCA,0,0,0,0,87,6,0,2,0,0,0,0,12,0,0,5,0,4,0,0,18,8,5,21,0,0,0,0,0,0,0,0,2,0,0,0,102216,0,4,4,0,0,0,0,55,0,0,0,0,0,0,0,6,0,1,3,0,0,0,0,0,2,0,0
330,CAT,0,0,0,16,8,8,0,8,0,2,0,0,0,0,0,1,5,8,3,102373,0,0,0,0,3,4,0,5,0,0,0,0,0,0,0,0,0,0,0,0,0,2,3,0,0,6,4,10,0,2,0,17,2,0,4,4,0,0,0,0,7,7,2,4
331,TGT,0,0,0,0,0,0,0,0,0,0,0,0,0,0,0,0,0,0,0,0,0,0,0,0,0,0,0,11,0,0,0,0,0,0,0,0,0,0,0,0,0,0,0,0,0,0,0,0,0,0,0,14,0,0,0,0,0,15,0,102446,0,0,0,1
332,AAT,0,9,0,102407,0,3,7,0,0,3,2,3,0,0,0,0,0,0,0,0,0,0,1,0,0,0,0,0,0,0,0,0,5,0,4,10,1,0,0,0,0,0,0,0,0,0,0,0,4,0,0,0,0,3,3,1,0,0,0,0,2,0,4,3
333,GTC,0,4,0,0,0,0,0,0,0,0,0,0,3,37,0,0,0,0,0,0,0,0,0,0,0,0,0,0,4,12,0,2,0,7,0,0,0,19,0,0,0,0,0,0,9,102220,13,37,0,0,0,0,5,0,0,0,0,0,0,0,1,3,5,0
334,AGT,0,0,0,44,0,0,0,2,4,9,3,102523,0,0,0,3,0,2,0,0,0,0,0,6,0,0,4,3,0,0,2,3,0,0,0,0,0,0,0,0,0,9,2,34,0,0,0,0,0,6,0,1,0,6,2,1,0,2,0,17,4,0,0,2
335,AAA,102340,1,2,1,0,2,6,5,10,0,0,5,12,0,1,0,0,0,0,1,0,0,0,4,0,0,2,0,0,1,4,0,7,0,2,0,0,0,0,8,0,0,2,0,0,0,0,0,2,0,0,0,0,0,0,0,0,0,4,2,7,0,0,0
336,GCA,0,8,0,0,66,4,0,9,0,5,2,3,9,0,0,0,0,0,0,3,1,0,0,0,4,2,0,0,0,0,0,0,5,0,0,0,102042,0,30,4,0,4,0,0,38,0,0,0,0,0,0,3,0,0,0,0,0,0,0,0,0,0,0,0
337,ACA,34,0,3,0,101886,4,40,8,0,6,0,0,17,0,0,0,11,0,5,0,2,4,1,0,0,0,1,3,0,0,0,0,8,0,0,0,22,0,0,0,1,0,0,0,2,7,0,0,0,0,0,3,0,4,2,5,0,5,1,0,5,3,0,18
338,TGG,0,0,0,0,0,0,0,0,0,0,0,0,0,0,0,0,0,0,0,0,0,0,0,0,0,0,2,0,0,0,0,0,0,0,0,0,0,0,0,0,0,0,2,0,0,0,0,0,0,0,11,0,0,0,1,0,32,0,101495,0,0,0,2,0
339,AAT,9,17,4,101502,1,12,0,0,9,4,5,4,0,0,4,0,1,7,4,3,0,0,0,0,0,0,1,0,6,5,0,0,0,5,8,2,6,0,6,7,0,2,1,3,1,0,0,0,0,0,0,5,4,2,0,0,0,2,0,0,7,2,0,1
340,GAA,16,5,0,4,3,0,5,0,5,0,0,0,2,0,7,4,11,0,7,4,2,0,0,0,6,5,0,5,3,0,0,3,101881,2,0,12,1,9,2,0,21,0,0,0,8,0,0,0,9,4,0,2,1,0,0,1,0,0,6,1,6,3,10,0
341,ACT,6,1,9,14,12,9,6,100971,3,0,3,2,17,8,3,14,0,7,0,1,0,1,0,0,4,3,0,0,2,3,0,5,0,0,3,0,0,3,1,5,3,0,0,4,0,2,0,0,0,0,0,0,0,0,0,0,0,0,0,1,0,0,0,0
342,TTG,0,0,0,0,0,0,0,0,0,0,0,0,0,12,4,9,0,0,0,0,0,0,0,0,0,0,0,0,3,6,10,2,0,0,0,0,0,0,0,0,0,0,0,0,0,7,3,0,0,0,2,0,0,3,8,0,3,0,1,0,15,1,100641,13
343,GGA,10,0,2,8,0,0,0,0,29,0,0,0,0,3,0,0,4,0,3,0,0,0,0,0,5,3,0,0,0,0,0,0,38,0,1,11,5,0,0,0,100012,0,11,6,1,2,0,0,0,3,0,6,0,1,0,0,8,0,0,0,0,5,2,0
344,AAG,35,8,101975,30,2,0,9,2,0,0,10,0,0,0,1,0,0,0,0,0,0,0,0,0,3,1,12,1,0,5,0,4,0,0,3,0,0,0,3,0,0,1,0,1,0,0,3,0,0,3,0,1,0,0,0,1,0,0,4,0,0,3,0,7
345,GTG,0,0,0,0,0,0,0,0,0,0,0,0,0,0,10,0,0,0,0,0,0,0,0,0,0,0,0,0,0,0,3,0,0,0,6,0,0,0,4,0,0,0,0,0,58,0,101428,27,0,0,0,0,2,0,0,0,0,0,0,0,1,0,2,0
346,GTC,0,0,0,0,0,0,0,0,0,1,0,0,1,38,0,0,0,0,0,0,0,0,0,0,0,0,0,0,0,0,0,0,0,0,0,0,0,52,0,5,0,0,0,0,17,101831,0,28,1,0,0,0,0,0,0,3,0,5,0,0,0,6,0,0
347,AAA,102365,8,38,4,0,5,0,0,7,0,0,0,0,0,0,0,0,3,8,7,0,0,0,0,4,4,2,0,0,0,0,8,3,0,4,0,2,0,4,0,0,0,17,0,3,1,0,0,5,6,0,0,0,0,1,1,0,0,0,0,0,0,7,0
348,CAA,10,0,2,0,6,8,0,0,0,0,0,3,0,6,10,0,102328,0,12,1,0,5,0,0,9,3,6,0,7,4,0,5,5,0,0,0,0,2,0,0,11,0,2,0,1,0,5,3,5,0,0,0,3,0,4,4,0,0,0,0,5,0,0,0
349,TTA,0,0,0,0,0,0,0,0,0,0,0,0,3,0,0,0,0,0,0,0,0,0,0,0,0,0,0,0,17,0,5,0,0,0,2,0,0,0,0,0,0,0,0,0,0,0,0,0,0,0,0,0,1,0,0,0,0,0,0,0,101971,1,9,0
350,AGA,3,4,5,0,0,0,0,0,102026,1,3,0,8,8,2,0,0,0,2,0,0,0,0,0,4,0,7,5,0,0,0,0,0,0,0,0,9,7,2,4,10,0,8,4,0,2,7,0,2,0,1,3,0,0,2,0,1,6,0,0,6,5,4,0
351,AAA,102467,3,6,6,0,0,10,0,3,10,0,0,3,0,2,0,3,8,4,0,0,8,0,5,2,0,2,1,0,0,1,0,1,5,0,0,1,0,9,1,0,0,0,4,5,0,1,2,1,1,0,0,3,0,12,1,0,0,0,2,0,0,11,3
352,CAC,0,24,0,6,1,0,0,0,0,0,2,0,13,0,5,0,14,100843,8,10,0,0,0,0,0,0,0,0,0,8,9,6,0,0,3,0,12,0,0,13,0,0,0,0,0,4,0,0,0,18,0,3,1,0,0,0,0,2,2,0,0,5,0,4
353,TTT,0,0,0,0,0,0,0,0,0,0,0,0,0,0,0,3,0,0,0,0,0,0,0,0,0,0,0,0,0,0,0,9,2,0,0,0,0,0,0,0,0,0,0,0,0,0,2,1,0,0,0,6,0,0,0,0,0,0,1,0,7,13,8,99367
354,GGG,0,0,1,1,0,0,0,0,0,0,12,0,0,0,0,0,0,2,6,0,0,3,0,5,0,0,3,1,0,0,0,0,0,0,16,0,5,3,0,0,42,3,96503,8,0,4,5,4,0,0,0,0,1,4,5,0,0,0,5,0,0,0,3,2
355,AAC,9,101155,6,20,0,6,0,0,0,2,0,0,6,1,4,0,0,0,0,6,0,3,0,2,11,0,0,0,9,0,0,0,10,4,0,6,0,1,0,0,3,0,0,0,0,0,0,0,0,5,0,0,0,0,4,0,0,0,3,0,0,0,0,0
356,AAC,25,100464,0,19,5,0,0,0,4,8,2,0,3,2,0,0,0,8,0,0,0,0,0,0,0,6,0,0,0,0,0,0,0,2,0,0,4,0,0,0,0,2,0,0,0,2,0,0,0,7,0,0,0,0,0,0,0,0,0,1,0,0,3,0
357,ACA,40,0,5,1,100241,2,9,5,8,0,0,0,14,0,6,0,0,0,0,8,5,4,0,0,3,6,0,0,0,0,0,0,0,0,0,0,12,0,0,1,0,0,0,0,4,0,0,4,0,0,0,6,6,1,0,0,0,0,0,3,8,0,2,0
358,ATA,15,0,0,0,11,9,0,6,0,0,0,0,100468,5,8,0,2,0,7,0,10,0,2,0,13,0,0,0,0,0,0,0,0,0,0,0,0,8,0,0,0,0,0,0,1,8,2,9,2,1,0,0,6,0,0,7,0,6,0,9,2,0,0,0
359,ATA,0,0,0,0,0,0,0,0,0,0,0,0,100890,0,22,4,0,0,0,0,0,0,0,0,0,0,0,0,6,0,0,0,0,0,0,0,0,0,0,0,0,0,0,0,7,0,8,0,0,3,0,0,0,0,0,0,0,0,0,0,0,4,4,2
360,AGA,14,6,2,0,0,1,0,4,98124,0,6,2,11,0,5,2,2,5,0,3,0,0,0,0,5,0,1,3,1,0,0,3,0,0,0,0,0,3,0,9,4,0,3,0,5,0,7,0,0,0,0,2,5,0,0,0,1,0,0,0,0,0,0,3
361,TTT,0,0,0,0,0,0,0,5,0,0,0,0,4,1,0,0,0,0,0,0,0,0,0,0,0,0,0,0,0,8,0,3,0,0,0,0,0,0,0,0,0,0,0,0,0,0,0,0,0,0,0,3,0,0,0,0,0,0,0,0,11,9,3,93018
362,GCT,4,0,3,0,4,0,7,107,1,0,0,0,0,11,0,6,3,0,3,6,0,0,0,1,0,1,9,0,11,0,1,0,0,0,0,16,1,32,3,89171,0,0,8,0,2,3,3,66,0,0,0,1,3,0,4,2,0,6,3,0,0,0,0,0
363,AAT,21,12,0,97764,10,0,0,0,0,1,0,1,0,1,0,0,7,2,6,0,0,0,7,6,3,5,0,0,1,0,0,0,0,0,0,12,0,3,4,1,0,3,1,7,2,0,0,4,0,0,0,0,0,0,0,2,0,3,0,4,4,0,6,1
364,TCC,0,0,0,0,0,13,0,0,0,1,0,0,0,0,0,0,0,4,0,3,0,2,0,0,0,0,0,0,0,0,1,0,0,0,0,0,3,0,5,1,0,3,0,0,0,0,0,0,0,3,0,0,13,79759,0,12,0,1,0,0,0,10,0,0
365,TCA,0,0,0,0,17,4,0,0,0,0,0,0,0,0,2,0,0,0,0,0,34,0,4,0,0,0,0,0,0,2,0,0,0,0,0,5,0,2,2,2,3,1,0,0,2,0,0,0,4,0,0,0,85923,4,51,0,5,0,0,0,3,0,0,0
366,GGA,0,0,0,0,0,0,0,0,12,0,0,0,2,0,0,0,0,0,0,0,0,0,0,0,4,0,0,0,0,0,0,0,14,0,4,0,0,0,0,0,76653,9,11,8,4,0,0,0,0,0,0,4,0,0,0,0,7,0,0,0,0,0,0,0
367,GGG,0,0,0,0,0,0,0,0,0,0,57,0,0,0,0,0,0,0,0,0,0,0,0,0,0,0,0,0,0,0,0,0,4,0,2,0,0,0,0,0,35,0,78756,5,0,0,3,0,0,0,0,0,0,0,0,0,0,0,3,0,0,0,0,0
368,GAT,0,0,0,11,0,0,0,0,0,0,0,0,0,0,0,0,0,2,0,11,0,0,0,0,0,0,0,0,0,0,0,0,0,1,0,100568,0,0,0,0,0,0,0,0,0,0,0,0,0,0,0,1,0,0,0,0,0,0,0,0,0,0,0,0
369,CTA,3,10,0,8,6,8,0,5,7,0,4,0,21,5,0,0,6,10,0,3,43,0,5,0,11,5,2,0,100711,0,32,8,0,0,0,0,0,7,1,0,0,0,6,0,1,6,0,0,0,7,0,9,4,1,0,0,0,2,2,0,3,1,7,15
370,GAA,16,0,0,0,0,0,0,0,0,0,0,0,0,0,0,0,0,0,0,0,0,0,0,0,0,0,0,0,0,0,0,0,102083,2,3,0,1,0,0,0,4,0,0,0,0,0,0,0,5,0,0,0,0,0,0,0,0,0,0,0,0,0,0,0
371,GTC,0,4,0,0,0,0,0,1,0,0,0,0,0,34,0,1,0,5,0,7,2,0,0,0,0,0,0,0,0,6,0,0,0,4,0,0,0,6,0,0,0,0,0,0,12,100990,9,15,0,0,0,0,0,0,0,0,0,0,0,0,0,5,0,0
372,ACA,8,0,0,0,102126,1,37,5,5,4,0,3,39,0,0,0,1,11,0,1,0,0,5,0,0,2,4,0,2,0,0,0,0,4,0,0,8,0,2,1,3,0,0,0,0,6,7,0,0,0,0,0,0,0,11,11,0,4,1,4,9,4,11,0
373,ACA,15,0,0,0,102033,0,0,4,0,7,0,0,3,0,0,0,6,7,0,6,0,0,0,0,0,0,3,5,13,0,9,4,4,0,5,0,17,7,2,0,2,0,0,8,0,0,4,5,0,0,0,4,3,0,12,0,0,4,7,0,0,0,4,7
374,CAT,0,0,0,2,3,2,0,8,0,4,0,0,0,0,3,0,0,12,7,101351,0,0,0,0,0,0,0,7,1,0,4,1,0,0,1,5,3,4,0,2,5,2,0,0,0,0,0,4,0,0,0,14,0,1,0,0,0,0,4,3,0,7,0,3
375,AGT,0,0,4,22,0,0,0,4,2,8,0,101743,0,4,0,11,0,0,5,0,0,0,0,0,1,0,5,0,1,1,0,0,0,0,0,0,0,0,0,0,0,0,0,11,0,0,0,0,0,0,0,0,0,0,0,0,0,0,0,3,0,0,0,0
376,TTT,0,0,0,0,0,0,0,0,0,0,0,0,0,0,2,2,0,0,0,0,0,0,0,0,0,0,0,0,0,0,0,10,0,0,0,0,0,0,0,0,0,0,0,0,0,0,0,0,0,0,0,2,0,0,0,4,0,0,0,0,7,23,3,101177
377,AAT,0,2,0,100116,0,9,0,0,0,1,0,2,2,1,5,7,5,3,0,0,0,0,0,0,0,0,0,0,0,0,0,0,0,0,2,8,6,0,0,0,0,0,0,8,0,0,0,6,0,0,0,0,0,0,0,0,0,0,0,0,3,0,0,0
378,TGT,0,0,0,0,0,0,0,0,0,0,0,2,0,0,0,0,0,0,0,0,0,0,0,0,0,0,0,4,0,0,5,0,0,0,0,0,0,0,0,0,0,0,0,0,0,0,0,0,0,0,0,11,0,0,0,0,0,2,0,101595,0,0,0,6
379,GGA,0,1,0,0,0,0,0,0,17,4,0,0,0,0,0,0,9,0,7,0,0,0,0,0,0,0,3,0,0,4,0,0,12,0,0,0,5,4,0,0,101548,2,27,9,0,0,0,0,0,0,0,1,0,0,0,0,0,4,0,0,3,0,0,0
380,GGA,1,3,0,0,0,0,0,1,32,0,0,0,0,0,0,0,7,5,0,0,0,0,0,0,0,5,0,0,0,0,0,0,17,0,1,4,0,0,0,0,101495,2,17,3,0,0,0,0,0,11,0,0,0,0,0,0,1,0,0,0,0,0,0,3
381,GAA,16,4,0,0,1,6,1,0,0,0,6,12,2,5,0,2,1,0,0,0,0,0,0,0,0,0,0,0,9,3,1,0,101908,0,0,7,5,0,1,0,0,0,0,0,0,0,8,0,0,0,0,0,0,0,0,0,0,0,0,0,5,0,0,0
382,TTT,0,0,0,4,1,0,0,0,0,0,0,0,0,0,0,21,12,0,0,0,0,0,0,0,0,0,0,0,0,0,0,0,0,0,0,0,3,0,0,0,0,0,0,0,2,0,0,0,0,3,0,9,0,0,0,2,0,0,12,0,0,11,3,102045
383,TTC,0,0,0,0,0,0,0,0,0,0,11,0,0,19,0,0,0,0,0,0,0,0,0,0,0,0,0,0,9,11,0,2,0,0,0,0,0,0,0,0,0,0,0,0,0,0,0,7,0,5,0,0,0,0,0,0,0,0,0,0,11,102629,3,29
384,TAT,0,5,4,3,0,0,2,0,0,3,0,2,0,3,0,1,7,3,5,5,0,0,0,0,0,3,2,0,10,5,0,7,2,0,0,0,5,0,0,5,0,0,0,0,0,0,6,0,1,3,2,102524,7,0,2,8,0,0,0,10,3,0,8,8
385,TGT,0,0,0,0,0,0,0,0,0,0,0,0,0,0,0,0,0,4,0,3,0,0,0,0,0,0,0,3,0,0,0,0,0,0,0,0,0,0,0,0,0,0,0,0,0,0,0,0,0,0,0,48,0,0,0,2,14,28,0,102372,0,0,0,0
386,AAC,4,102690,0,30,0,4,2,0,3,24,0,2,0,0,0,1,0,0,0,0,0,5,4,0,0,0,0,0,0,0,0,0,0,25,0,0,0,3,0,1,0,7,0,7,0,0,0,5,0,1,0,5,2,3,1,0,0,0,0,2,0,0,1,0
387,ACA,4,0,0,0,102668,0,21,0,1,0,0,0,8,0,0,0,0,0,0,0,0,0,0,0,0,0,0,0,0,0,0,3,0,0,0,0,5,0,0,0,0,0,0,0,0,0,0,0,0,0,0,0,0,0,0,0,0,0,0,0,0,0,0,0
388,TCA,0,3,1,0,0,3,0,0,0,0,0,0,0,1,0,0,0,0,0,0,8,0,0,0,2,0,2,0,3,0,0,0,0,0,3,4,2,0,0,7,0,0,0,0,0,0,1,4,3,0,0,2,102229,9,124,8,0,0,0,0,27,0,0,2
389,GGC,0,0,0,0,3,2,2,0,0,37,0,0,0,0,0,0,0,0,0,0,0,0,0,0,7,2,0,0,0,0,0,0,0,68,0,0,0,1,0,0,10,102128,6,60,0,14,0,0,0,2,0,1,0,0,0,3,0,3,0,4,2,0,0,0
390,CTG,0,0,0,0,0,0,3,0,0,0,5,0,0,0,41,0,0,0,4,0,0,0,28,0,0,0,3,0,43,1,101952,0,0,0,0,0,0,0,0,0,0,0,0,0,0,0,0,0,0,0,0,2,0,0,0,0,0,0,0,0,0,0,13,0
391,TTC,0,0,0,0,0,0,0,0,0,0,0,0,0,0,0,0,0,0,0,0,0,0,0,0,0,0,0,0,0,34,4,0,0,0,0,0,0,0,0,0,0,0,0,0,0,0,0,0,0,9,0,0,0,7,0,0,0,0,0,0,5,101699,0,11
392,AAT,3,17,3,102299,0,2,3,0,0,0,6,6,0,0,0,0,14,3,4,0,0,0,0,0,0,2,0,0,0,1,0,0,4,0,8,7,0,15,1,0,0,0,6,0,3,0,0,0,0,0,0,6,7,0,0,0,0,0,0,0,0,0,0,0
393,AGC,0,33,0,0,8,2,0,3,0,102638,6,31,0,4,7,0,0,0,0,0,0,0,0,0,0,3,0,0,0,0,0,2,0,0,0,0,0,0,0,0,0,34,0,0,4,0,0,0,0,0,0,4,3,5,4,4,0,1,0,0,0,0,0,0
394,ACT,4,0,6,8,4,15,4,102432,0,17,1,0,0,5,10,14,5,4,0,0,0,4,0,3,0,6,3,0,0,5,5,6,0,0,0,0,0,8,0,24,0,0,0,1,0,1,0,11,0,12,0,0,0,7,0,11,0,0,2,7,0,1,4,0
395,TGG,0,0,0,0,0,0,0,0,0,0,22,0,0,0,0,0,0,6,0,3,0,0,0,0,0,0,7,0,0,0,0,0,0,0,3,0,0,0,0,0,0,0,0,0,0,0,4,0,0,0,4,0,3,0,0,0,5,0,102619,0,0,6,4,9
396,ATT,0,0,9,26,0,4,0,15,0,0,1,0,0,29,0,102365,0,4,6,0,1,1,0,0,0,0,3,0,0,0,2,1,0,0,0,1,4,8,5,8,6,0,0,8,1,4,4,10,0,0,0,3,0,3,2,0,0,4,3,0,1,0,0,7
397,AGC,4,67,0,0,0,5,4,0,32,102093,6,97,8,8,0,7,2,8,0,5,0,3,3,2,2,0,7,0,0,0,0,3,6,7,2,2,0,5,8,3,3,64,7,1,1,2,0,7,0,4,0,3,0,10,0,0,0,7,4,0,4,0,1,4
398,AAT,2,14,7,102749,0,0,0,0,0,2,0,1,0,8,4,0,0,0,0,2,2,0,0,4,0,0,0,0,0,6,0,0,0,3,0,12,3,3,0,0,0,7,0,6,0,6,4,0,3,0,0,2,0,2,0,0,0,0,0,0,0,0,0,0
399,ACC,6,17,7,0,20,102617,5,40,0,2,4,0,0,29,3,8,0,0,5,5,0,9,0,1,3,4,0,0,3,4,0,6,5,3,0,6,0,40,6,0,0,16,2,4,3,0,6,3,0,2,0,0,3,5,13,3,0,11,0,0,2,3,0,4
401,AGC,5,48,0,11,9,3,6,4,14,101912,5,81,0,7,2,0,1,0,8,7,0,0,0,0,3,8,0,3,0,11,4,4,0,10,4,2,12,4,0,3,0,190,0,12,7,0,2,0,0,0,0,0,2,4,2,1,0,9,3,3,15,4,7,0
402,GTG,4,0,12,0,4,11,0,0,4,10,0,0,7,1,50,2,2,0,0,6,3,2,0,0,0,0,0,0,0,0,0,3,7,7,19,0,0,0,2,1,0,0,4,0,125,1,102465,17,0,1,0,0,0,8,5,6,0,0,4,2,0,8,9,0
403,CAG,12,12,11,5,1,0,7,0,0,1,2,11,0,1,0,0,31,0,102221,22,0,0,9,5,1,1,53,0,0,0,2,0,4,3,10,1,6,0,4,8,0,11,15,11,0,0,5,0,0,11,109,8,11,0,0,0,0,2,11,0,0,2,1,0
404,GGG,1,0,2,0,0,0,0,0,0,0,20,0,0,8,0,10,0,0,0,0,0,3,3,0,6,4,10,4,0,3,1,0,0,0,21,2,9,0,10,8,51,3,102374,4,4,3,14,2,0,2,0,8,0,2,13,0,0,0,16,0,0,0,0,0
405,TCA,2,0,0,0,14,0,13,0,13,2,0,8,2,0,0,4,0,2,3,0,54,0,2,8,5,5,0,3,2,2,4,0,4,0,1,2,14,5,0,0,0,3,3,12,3,16,3,0,0,0,4,0,102552,3,19,7,3,0,3,9,33,0,0,14
406,AAT,41,7,5,102569,5,0,2,10,0,9,5,12,11,0,0,23,8,0,0,10,7,0,3,0,0,0,0,0,4,0,0,0,9,0,0,9,3,3,3,5,0,1,9,9,0,1,0,1,0,3,0,7,0,1,0,10,0,5,0,7,2,1,0,6
407,AGC,0,54,1,1,15,8,1,4,11,102369,6,81,5,24,8,0,9,7,4,0,10,10,0,0,8,7,0,2,4,1,0,5,5,2,3,0,13,9,8,6,9,48,1,4,2,9,0,10,0,11,1,0,0,8,0,3,0,15,12,1,5,16,0,8
408,ACG,24,3,11,2,82,8,102319,48,2,9,7,1,9,4,66,13,0,3,5,11,2,4,5,6,8,0,6,6,0,6,10,0,5,0,4,0,12,14,6,20,14,10,14,10,0,0,4,0,5,3,0,12,2,12,13,0,0,2,6,4,1,0,10,0
409,GGG,11,2,2,0,0,1,0,9,0,8,43,0,1,9,6,6,11,11,20,5,8,4,22,4,9,32,7,2,6,2,7,3,0,6,62,0,10,6,22,1,39,5,102338,43,0,6,15,1,0,2,0,11,0,0,3,6,0,12,29,17,0,2,4,12
410,TCA,0,4,7,0,0,4,0,0,0,0,0,0,0,0,0,1,4,0,0,2,64,9,0,5,2,0,2,2,0,0,0,0,0,3,0,0,2,0,0,0,0,0,13,5,0,3,4,2,6,6,4,0,102692,7,40,8,0,2,0,2,28,0,3,0
411,AAT,17,7,0,102746,0,0,4,6,8,0,10,11,5,11,0,12,7,10,0,14,0,0,0,1,0,0,3,0,0,1,0,0,0,0,0,9,6,0,8,8,0,0,11,2,0,1,0,3,0,0,0,0,2,0,0,4,0,0,6,0,0,3,0,1
412,GAC,5,15,0,5,4,5,0,5,7,2,0,1,0,9,5,2,0,4,5,0,9,8,0,0,0,0,0,0,2,0,9,13,28,102615,2,32,4,4,0,5,0,27,5,2,7,0,0,0,0,26,0,5,2,15,0,10,0,0,0,0,7,7,7,0
413,AGT,0,5,0,25,0,0,1,4,1,9,5,31865,1,2,0,11,3,0,4,0,3,0,0,0,0,2,1,2,1,2,2,2,1,0,3,4,1,0,1,1,0,1,5,15,0,3,4,1,0,0,2,0,1,1,2,0,0,1,10,0,1,4,2,5
414,ATA,0,0,0,0,4,0,0,0,0,0,0,0,31997,4,3,1,3,0,0,0,0,0,0,0,0,0,0,0,0,1,0,0,0,0,0,0,0,0,0,0,0,0,0,0,1,1,0,1,0,6,0,0,0,0,0,0,2,0,0,0,0,0,1,1
415,ACT,0,0,0,7,1,3,1,31976,0,0,4,0,0,0,2,5,0,0,2,0,0,0,0,0,0,0,1,3,2,0,1,0,0,0,1,0,0,3,0,2,0,0,1,0,0,0,0,0,0,3,0,2,1,0,0,1,0,1,1,0,0,3,0,0
416,CTC,0,0,0,0,0,0,0,0,0,0,0,0,0,13,1,6,0,0,0,0,0,4,0,0,0,0,0,0,1,31960,0,5,0,0,0,0,0,0,0,0,0,1,0,0,0,4,0,6,0,0,0,0,0,0,0,0,0,0,0,0,0,5,3,0
417,CCA,3,1,2,0,4,0,1,1,0,0,1,0,0,0,0,0,2,0,2,7,31974,0,4,0,0,0,0,1,4,0,0,0,0,0,0,0,0,0,0,0,0,0,1,2,0,0,0,0,0,0,0,2,5,0,0,1,0,0,2,0,2,0,0,0
418,TGC,0,0,0,0,0,0,2,0,0,0,0,0,0,0,0,0,0,0,0,0,0,0,0,0,0,0,0,0,0,0,0,0,0,0,0,0,0,0,0,0,0,0,0,0,0,0,0,0,0,17,0,0,0,0,0,0,0,31885,3,51,0,0,0,0
419,AGA,19,1,0,0,0,0,0,0,31971,0,0,0,0,0,0,0,0,0,0,2,0,0,0,0,1,1,3,0,0,4,0,0,0,0,0,0,0,0,0,0,6,0,0,1,0,0,0,0,0,2,0,0,0,1,0,0,1,0,0,0,1,1,0,0
420,ATA,0,1,0,0,0,0,1,0,0,0,0,1,32000,2,0,2,1,1,0,0,1,0,0,0,0,0,0,0,3,0,0,1,0,0,0,0,0,0,0,0,0,0,1,0,1,0,0,0,0,0,0,0,4,1,0,0,1,2,0,0,4,0,1,0
421,AAG,20,0,31959,0,0,0,0,0,0,1,1,0,0,0,1,1,0,2,0,3,0,0,0,0,0,3,0,1,0,0,2,0,0,0,1,0,0,0,1,0,0,0,0,1,0,0,0,0,0,0,0,0,2,0,1,1,0,0,0,0,0,0,0,0
422,CAA,0,1,0,2,0,0,0,0,0,0,0,0,0,0,0,0,32002,0,0,0,0,0,0,0,1,0,1,0,0,0,0,0,2,0,0,0,0,0,0,0,0,0,0,0,0,0,0,0,8,0,0,0,0,0,3,0,0,0,0,0,0,0,0,0
423,ATT,0,0,0,0,0,0,0,0,0,0,0,0,5,6,0,31604,0,0,0,0,0,0,0,0,0,0,0,0,0,1,0,0,0,0,0,0,0,0,0,0,0,0,0,0,0,1,0,0,0,0,0,3,0,0,0,1,0,0,0,0,0,0,0,3
424,ATA,4,2,0,3,2,0,0,0,0,0,3,0,31922,8,5,1,1,0,0,0,0,0,0,0,0,0,0,0,0,0,0,3,0,0,0,2,0,0,0,0,0,0,2,0,0,0,1,0,0,0,0,2,0,0,1,3,0,0,1,0,0,0,0,0
425,AAT,6,3,1,31964,2,2,0,0,1,0,0,1,0,0,0,0,0,0,0,0,0,0,0,0,1,0,0,0,0,0,0,1,0,0,3,1,0,2,0,0,0,0,0,0,0,0,0,0,0,0,0,0,1,0,0,0,0,0,0,1,0,0,1,0
426,ATG,2,0,1,1,0,0,5,0,0,0,0,0,6,8,31919,2,0,0,0,0,0,0,0,0,0,0,0,1,0,0,0,1,0,0,0,0,0,0,0,0,1,0,0,0,1,0,2,1,0,4,0,0,0,2,0,0,0,0,0,0,6,1,0,0
427,TGG,0,0,0,0,0,0,0,0,0,0,0,0,0,0,0,0,0,0,0,0,0,0,0,0,0,0,0,0,0,0,0,0,0,0,0,0,0,0,0,0,0,0,0,0,0,0,0,0,0,0,2,0,0,0,0,0,27,1,31902,6,0,0,2,0
428,CAG,0,0,1,0,0,0,1,0,0,0,0,2,0,0,0,0,8,2,31812,2,0,1,1,0,0,0,4,0,0,2,0,0,0,2,0,0,2,0,5,0,0,0,0,0,1,0,0,0,0,0,18,0,0,0,0,0,0,0,1,0,0,0,0,0
429,AGA,9,0,1,0,0,0,0,1,31888,0,1,0,0,0,0,0,0,1,4,0,0,0,0,0,0,0,2,2,0,0,0,0,0,0,0,0,2,0,0,2,9,0,1,0,1,1,2,1,0,2,0,3,3,0,0,0,0,0,2,0,0,2,0,0
430,ATA,6,0,0,2,0,0,0,4,0,1,0,0,31870,0,17,4,1,0,0,0,2,2,0,0,0,0,0,0,4,0,1,0,0,0,0,0,3,0,1,1,0,0,0,0,1,0,0,1,0,0,0,0,1,0,0,0,0,0,0,0,0,1,0,0
431,GGA,2,3,2,3,0,0,0,0,8,0,1,3,0,0,0,0,9,1,1,0,0,0,0,0,2,3,4,0,0,0,0,0,4,0,0,0,4,3,0,3,31780,0,4,5,3,0,5,0,0,0,0,0,5,1,2,4,12,0,0,0,1,0,0,0
432,CAA,8,0,0,7,11,3,5,2,2,2,1,0,3,1,1,0,31776,2,14,11,2,3,0,1,2,0,0,0,5,2,0,1,10,1,3,0,2,1,0,2,0,2,0,0,0,0,0,2,6,2,0,3,9,4,3,0,0,0,0,0,1,1,0,2
433,GCA,1,1,2,0,25,3,0,0,0,7,0,2,0,3,1,2,2,0,0,1,0,0,0,0,0,0,0,0,2,0,0,0,0,0,6,0,31694,2,0,1,10,0,1,2,26,2,0,1,0,0,0,1,5,2,0,0,0,0,2,0,1,0,0,0
434,ATG,0,0,0,1,0,0,2,0,0,0,0,0,12,1,31564,6,0,0,0,0,0,0,0,0,0,0,0,0,0,0,0,0,0,0,0,1,0,0,2,0,0,0,0,0,0,6,1,0,0,0,0,1,0,0,0,2,0,0,0,0,0,0,4,0
435,TAT,0,0,0,0,0,0,0,0,2,0,0,1,0,0,0,0,0,0,0,5,0,0,0,0,0,0,0,0,0,1,0,0,0,0,0,0,0,1,0,4,0,0,0,0,0,0,0,0,6,6,0,31821,1,0,0,0,0,0,1,6,0,0,2,3
436,GCC,0,0,0,0,6,19,1,1,0,5,0,0,0,1,1,3,3,0,0,0,0,2,0,0,3,2,1,0,0,1,0,0,0,3,0,0,11,31585,4,9,0,0,0,1,1,81,8,2,0,0,0,0,0,1,2,0,0,0,3,0,0,0,4,3
437,CCT,0,2,2,0,0,0,0,8,0,0,0,0,0,0,0,4,0,0,0,7,4,2,2,31883,0,0,0,0,4,0,6,25,0,0,0,0,0,0,0,1,0,0,0,0,0,1,1,0,0,0,0,0,0,0,0,5,0,0,0,0,4,0,0,5
438,CCC,0,0,0,6,3,6,0,3,4,0,0,0,0,0,1,0,0,11,0,2,12,31878,0,13,2,0,3,1,0,9,0,0,0,0,0,0,2,2,0,4,2,0,1,0,3,0,5,1,0,0,0,0,0,4,4,0,0,0,1,0,0,0,0,0
439,ATC,0,0,1,3,0,4,0,0,1,2,0,0,11,31862,4,12,1,0,0,0,0,1,0,0,2,0,0,0,0,0,0,0,0,0,0,0,2,1,0,0,0,0,0,0,2,0,0,0,0,0,0,0,0,1,0,1,0,0,0,0,0,0,1,0
440,CAA,5,0,0,0,2,0,0,0,0,1,0,0,3,0,0,5,31896,0,5,0,0,0,0,3,0,3,0,1,0,0,0,0,0,2,0,0,0,0,0,1,1,0,1,0,2,1,0,0,2,0,0,0,0,2,2,1,0,0,0,0,2,0,0,0
441,GGA,5,0,0,1,3,0,3,0,8,0,0,0,0,0,0,0,1,0,1,2,0,0,2,0,3,0,1,0,0,0,0,0,16,0,5,0,0,0,2,0,31639,4,3,1,3,0,0,0,0,2,0,0,0,0,2,2,7,0,0,0,0,0,1,0
442,GTA,1,0,2,0,0,0,0,0,2,1,2,0,37,0,1,0,0,0,7,0,3,2,0,2,0,0,2,0,0,0,0,0,6,0,0,0,10,0,1,0,0,0,0,0,30535,1,2,4,0,4,0,2,2,2,0,0,0,0,0,0,3,0,1,3
443,ATA,3,4,0,1,1,1,1,0,0,0,0,0,31615,2,9,0,0,0,1,0,0,0,0,0,2,1,0,1,0,1,0,0,0,0,0,0,2,0,4,0,0,0,0,4,0,0,4,1,0,0,0,3,5,0,0,0,0,0,2,0,0,0,3,0
444,AGA,14,0,2,1,0,0,0,0,31722,0,3,0,3,0,0,0,0,0,0,0,0,0,0,0,1,0,1,0,0,1,1,0,5,3,0,0,0,0,2,0,1,1,0,0,1,0,0,0,0,0,0,1,0,2,0,0,0,0,0,1,0,0,0,0
445,TGT,1,0,0,0,0,0,0,0,0,0,0,1,0,0,0,0,0,0,0,0,0,0,0,0,0,0,0,2,0,0,0,0,0,0,0,0,0,0,0,0,0,0,1,0,0,0,0,0,0,0,0,5,0,0,0,0,1,4,0,31573,0,0,0,0
446,GTA,7,0,0,0,1,1,3,0,0,2,0,1,22,0,0,2,0,3,0,1,0,0,0,0,2,0,2,0,0,0,0,1,4,2,2,0,13,0,0,1,3,0,2,0,31474,5,4,0,0,0,0,0,1,1,0,0,0,0,0,0,2,0,4,0
447,TCA,0,0,0,0,0,0,0,0,2,0,0,0,0,0,0,0,0,0,0,0,0,0,0,0,0,0,0,0,0,0,0,0,0,0,0,0,2,0,0,2,0,0,0,0,0,0,0,0,4,0,0,0,31405,0,6,0,0,0,0,0,4,0,0,0
448,AAC,3,31709,0,5,1,0,0,0,0,0,0,0,0,0,0,0,0,0,1,1,0,0,0,0,0,0,0,0,0,0,0,0,0,4,1,0,0,0,0,0,0,0,0,0,0,0,0,0,0,0,0,0,0,0,0,0,0,0,0,0,0,0,0,0
449,ATT,0,0,0,4,1,0,0,3,2,6,0,0,1,5,1,30356,0,0,0,0,0,0,0,0,0,0,0,0,0,0,0,0,0,0,0,0,0,0,0,0,0,0,0,0,0,0,0,1,0,0,0,0,0,0,0,0,0,0,0,0,0,0,0,0
450,ACA,7,0,0,0,31075,1,26,4,0,0,0,6,19,0,0,0,0,0,0,0,0,0,0,0,0,0,0,0,0,0,0,0,0,0,0,0,4,0,0,0,0,0,0,0,0,0,0,0,0,0,0,0,0,0,0,0,0,0,0,0,0,0,0,0
451,GGG,0,0,0,0,0,0,0,0,0,0,5,2,0,0,0,0,0,0,0,0,0,0,0,0,0,0,2,0,0,0,0,0,1,0,2,0,0,1,0,0,21,1,27398,1,0,0,0,0,0,0,0,0,0,0,0,0,0,0,2,0,0,0,0,0
452,CTA,0,0,0,0,0,0,0,0,0,0,0,0,6,3,0,0,2,0,0,0,5,0,1,0,0,0,0,0,29505,4,3,2,0,0,0,0,0,0,0,0,0,0,0,0,4,0,0,0,1,0,0,0,0,0,0,0,1,0,0,0,3,0,1,0
453,ATA,0,0,0,0,2,0,0,0,0,0,0,0,30415,3,2,2,0,0,0,0,0,0,0,0,0,0,0,0,1,2,0,0,0,0,0,0,0,0,0,0,0,0,0,0,1,0,0,1,0,0,0,0,0,0,0,0,0,0,0,0,0,0,0,0
454,TTA,0,0,0,0,0,0,0,0,0,0,0,0,4,0,0,0,0,0,0,0,0,0,0,0,0,0,0,0,3,0,1,2,0,0,0,0,0,0,0,0,0,0,0,0,3,0,0,0,1,0,0,0,0,0,0,0,0,0,0,0,27201,0,0,0
455,ACA,4,0,0,0,30529,1,2,3,0,1,0,2,6,0,0,0,1,0,0,0,0,0,0,0,0,0,0,0,0,0,0,0,0,0,0,0,3,0,0,1,0,0,0,0,0,1,0,0,0,0,0,0,1,2,0,1,0,0,0,0,0,0,0,0
456,AGA,3,2,0,0,0,0,0,0,29355,0,1,0,0,0,0,0,0,0,0,0,0,0,0,0,0,1,0,0,0,0,0,0,0,0,0,0,0,0,0,0,1,0,0,0,0,0,0,0,0,0,0,0,0,0,0,0,0,0,0,0,0,0,0,1
457,GAT,0,0,0,4,0,0,0,0,0,0,0,0,0,0,0,0,0,0,0,0,0,0,0,0,0,0,0,0,0,0,0,0,2,5,0,26172,0,0,0,0,0,0,0,2,0,0,0,0,0,0,0,0,0,0,0,1,0,0,0,0,0,0,0,0
458,GGT,0,0,0,0,0,1,0,0,0,0,0,2,1,0,0,0,0,0,0,0,0,1,0,0,0,0,0,0,0,0,0,0,1,0,0,2,0,0,0,0,3,4,1,17942,0,0,0,0,0,0,0,0,0,0,0,0,0,0,0,2,0,0,0,0
459,GGG,0,0,0,0,0,1,2,1,0,0,3,0,0,0,0,0,0,0,0,0,0,0,0,0,0,0,0,1,0,0,0,0,0,0,6,0,0,0,3,0,6,1,16621,1,0,0,0,0,0,0,0,0,0,0,0,0,0,0,0,0,0,0,0,0
460,AGT,0,0,0,15,0,3,0,1,5,2,0,21855,0,0,0,6,0,0,1,0,0,1,1,0,0,0,1,0,0,0,0,1,0,0,0,0,0,0,0,2,2,0,0,1,0,0,0,2,0,0,0,0,0,0,1,1,0,0,0,0,0,0,0,0
461,ACT,0,2,0,6,1,10,1,21428,0,0,3,0,1,0,0,2,0,0,0,0,0,0,0,0,1,1,0,0,0,0,0,0,0,1,0,1,0,0,0,3,0,0,0,0,1,0,0,0,0,0,0,0,0,0,0,0,0,1,0,0,1,0,0,0
462,AAT,4,1,0,27035,0,0,0,0,0,0,1,2,0,0,0,2,0,2,0,0,0,0,0,0,0,0,0,0,0,0,0,0,0,0,0,1,0,0,0,1,0,0,1,0,0,0,0,0,0,0,0,0,1,2,0,0,0,0,0,0,0,0,0,1
463,AGT,2,1,0,14,0,0,1,2,1,11,2,19856,4,0,0,2,0,0,1,1,0,0,0,0,2,0,1,1,1,0,0,0,2,0,0,0,0,0,0,0,0,0,2,4,1,0,0,0,0,1,0,0,1,0,0,0,0,0,0,2,0,1,0,0
464,ACA,12,1,0,1,22880,0,2,0,0,0,0,0,1,1,0,0,0,0,0,0,0,0,0,1,1,0,0,0,1,0,1,1,0,0,2,0,3,0,0,0,0,1,2,0,0,0,1,0,0,0,0,0,0,1,0,0,0,0,0,1,0,0,0,0
465,ACT,0,0,0,1,1,10,0,14029,1,0,1,2,0,0,0,0,0,0,0,2,0,0,1,0,0,1,0,0,1,1,1,0,0,0,0,1,0,3,0,0,0,0,0,0,0,1,0,0,0,0,0,0,0,0,0,1,0,0,0,0,0,0,0,1
466,GAA,11,1,0,0,0,0,0,0,0,0,0,0,0,0,0,0,0,0,0,0,0,0,0,0,0,0,0,0,0,0,0,0,10800,0,0,0,0,0,0,0,0,0,0,0,0,0,0,0,1,0,0,0,0,0,0,0,0,0,0,0,0,0,0,0
467,ACC,0,20,0,0,1,14135,0,0,0,0,0,1,0,5,0,0,0,0,0,0,0,0,0,0,0,0,0,0,0,1,0,0,0,0,0,0,0,2,0,0,0,0,0,0,1,0,0,0,0,0,0,0,0,0,0,2,0,0,0,0,0,0,1,0
468,TTC,0,0,1,0,0,0,0,0,0,1,0,0,1,2,0,0,0,0,0,0,0,0,0,0,0,0,0,1,0,11,0,1,0,1,0,0,0,0,0,0,0,0,0,0,0,0,1,0,0,0,0,0,0,1,0,0,0,0,0,0,2,23262,1,6
469,AGA,2,0,0,0,0,0,0,0,30821,0,3,0,1,0,1,0,0,0,1,0,0,0,0,0,3,0,1,0,0,0,0,0,0,1,0,0,0,0,0,0,11,0,4,0,0,0,0,0,0,0,0,0,0,0,0,0,0,0,0,0,4,3,0,0
470,CCT,0,0,0,0,0,0,0,1,3,0,0,0,0,0,0,0,0,0,0,5,2,13,0,15922,0,0,0,0,0,0,0,0,0,0,0,0,0,0,0,0,0,0,0,0,0,0,0,0,0,0,0,0,0,0,0,1,0,0,0,0,0,0,0,0
471,GGA,0,2,0,0,2,0,0,4,8,0,0,4,0,0,8,1,4,0,0,0,0,0,0,1,0,0,0,0,0,1,0,0,3,0,0,0,2,1,1,5,31259,0,14,4,5,0,1,3,2,1,0,1,0,8,0,0,1,0,0,0,3,3,0,1
472,GGA,0,0,0,0,0,0,0,0,6,0,0,0,0,0,0,0,0,0,0,1,0,0,0,0,0,0,0,0,0,0,0,0,8,0,0,0,0,0,0,0,31647,1,8,7,0,0,0,0,0,0,1,0,0,0,0,0,0,0,0,1,0,0,0,0
473,GGA,0,0,0,0,0,0,0,0,4,0,0,0,0,0,0,0,0,0,0,0,0,0,0,0,0,0,0,0,0,0,0,0,3,0,0,0,0,0,0,0,31655,1,13,5,2,0,0,0,0,0,0,0,0,0,0,0,3,0,0,0,0,0,0,1
474,GAT,0,3,0,12,0,0,0,0,0,1,0,0,0,0,0,0,0,0,0,0,0,0,0,0,1,0,0,0,0,0,0,1,0,1,0,31206,0,0,0,1,0,0,0,0,0,0,0,0,0,0,0,6,1,0,1,0,0,0,0,0,0,1,0,0
475,ATG,0,0,1,0,0,0,0,0,0,0,0,0,8,0,31406,11,2,0,0,0,0,0,0,1,0,0,0,0,0,0,1,1,0,0,0,0,0,2,3,0,0,0,0,0,2,0,7,1,0,0,0,0,0,0,0,0,0,0,0,1,7,0,2,0
476,AGG,1,0,18,0,0,0,2,3,14,3,31075,8,0,1,14,0,0,1,1,2,0,0,0,0,0,0,2,1,2,0,3,0,0,0,0,0,3,0,0,0,0,0,16,1,0,5,1,0,0,1,0,0,0,0,4,0,0,0,1,0,0,0,0,0
477,GAC,0,2,0,0,1,0,2,0,0,0,0,0,2,0,0,0,0,0,0,0,0,0,0,0,0,0,0,0,2,0,0,0,8,31574,4,11,0,0,0,0,0,3,0,0,0,1,0,1,0,0,0,0,0,2,0,0,0,0,0,0,0,0,0,0
478,AAT,8,7,2,31293,3,0,0,2,0,1,0,4,2,0,0,1,0,0,2,1,0,0,0,0,0,0,0,0,0,0,0,1,0,0,0,2,0,0,1,2,1,0,0,0,0,0,3,3,0,0,0,0,1,0,1,0,0,2,0,0,0,0,1,5
479,TGG,0,0,0,0,0,0,0,0,0,0,0,0,0,5,5,0,0,0,0,0,0,0,0,0,0,1,0,0,2,0,0,1,0,0,0,0,0,0,0,2,0,0,0,0,3,0,1,0,0,1,7,0,0,0,0,0,3,0,31850,1,0,5,1,0
480,AGA,24,1,0,0,0,3,0,0,31934,0,2,0,1,1,2,0,0,1,0,1,0,0,0,0,0,3,0,0,0,0,4,0,0,0,2,0,0,0,0,0,1,0,0,0,0,0,0,0,0,0,0,0,0,0,0,0,0,0,0,0,0,3,0,0
481,AGT,0,1,0,8,1,0,0,3,1,1,0,31940,2,1,1,1,0,3,0,0,0,0,0,0,0,0,0,0,0,0,2,0,0,0,0,0,0,1,2,0,0,0,3,3,0,0,3,1,0,0,0,0,0,0,4,1,0,0,0,2,0,0,0,0
482,GAA,16,0,0,0,0,0,0,0,0,0,0,0,0,0,0,0,0,0,0,0,0,0,0,0,0,0,0,0,0,0,0,0,31974,0,3,2,0,0,0,0,2,0,0,0,0,0,1,0,0,1,0,0,1,0,0,1,0,0,0,0,0,0,0,0
483,TTA,0,0,0,0,0,0,0,0,0,0,0,0,3,0,0,0,0,0,0,0,2,0,0,0,0,0,0,0,0,0,0,2,0,0,0,0,0,0,0,0,0,0,0,0,0,0,0,0,0,0,0,0,2,0,0,0,0,0,0,0,31828,0,6,0
484,TAT,0,0,0,5,0,0,0,0,0,1,0,0,0,0,1,0,0,0,0,7,0,0,0,0,0,0,0,0,0,1,1,0,0,0,0,0,2,0,0,0,0,0,0,0,0,0,3,0,8,2,0,31935,0,1,0,2,0,0,0,2,1,2,5,2
485,AAG,16,0,31956,13,0,0,0,0,2,0,1,0,0,0,1,1,0,0,4,0,2,0,0,0,0,2,0,0,1,0,0,0,1,0,7,1,2,1,0,0,0,0,2,1,0,4,0,1,0,1,0,0,0,0,1,0,0,0,1,0,0,0,0,0
486,TAT,0,0,0,0,0,0,0,0,0,0,0,1,0,0,0,0,0,0,0,1,0,0,0,0,0,0,0,0,0,0,0,0,0,0,0,0,0,0,0,0,0,0,0,0,0,0,0,0,0,3,0,31989,0,0,0,0,0,0,0,0,0,0,0,3
487,AAA,32011,0,7,0,0,0,0,0,2,0,0,0,0,0,0,0,0,0,0,0,0,0,0,0,0,0,0,0,0,0,1,0,3,0,0,0,0,0,0,0,0,0,0,0,0,0,0,0,0,0,0,0,0,0,0,0,0,0,0,0,0,0,0,0
488,GTA,0,0,0,0,0,1,0,0,0,0,0,0,7,0,0,0,0,0,0,0,0,0,0,0,0,0,0,0,0,0,1,3,2,0,0,0,0,0,0,0,0,0,0,0,31992,1,1,2,0,0,0,0,0,0,0,0,0,0,0,2,4,0,0,0
489,GTA,0,0,0,0,0,0,0,0,0,0,0,0,4,0,0,0,0,0,0,0,0,0,0,0,0,0,0,0,0,0,0,3,4,0,0,0,1,0,0,1,0,0,0,0,31947,2,4,4,0,0,0,0,0,0,0,1,0,0,0,0,0,0,0,0
490,AAA,31936,0,5,0,0,0,0,3,1,0,3,0,3,0,3,0,1,0,0,0,0,0,0,0,0,1,2,0,0,0,0,0,1,0,0,1,1,0,1,0,0,0,0,0,0,0,1,1,0,0,0,0,1,0,2,2,0,0,0,0,1,0,0,0
491,ATT,0,0,0,1,0,0,1,3,5,0,0,0,5,2,0,31764,0,0,0,0,0,0,0,0,0,0,0,0,0,0,1,2,0,0,0,0,0,0,0,0,2,0,0,0,1,3,0,2,0,0,0,0,0,0,1,0,0,0,0,0,4,0,0,5
492,GAA,11,0,0,0,1,0,0,0,0,0,0,0,0,0,0,1,4,1,0,0,0,0,0,0,1,0,0,0,0,0,0,0,31873,0,13,1,3,3,0,5,7,0,0,0,3,0,0,0,4,0,0,0,0,2,0,0,0,0,0,2,0,0,0,1
493,CCA,0,0,0,0,1,0,2,0,0,0,0,0,0,0,2,0,2,0,0,0,31939,4,2,2,0,0,0,0,1,0,0,0,0,0,0,0,0,0,0,0,0,0,0,0,0,0,0,0,0,0,0,0,5,0,0,0,0,0,0,0,0,0,0,0
494,CTA,0,0,0,0,0,0,0,0,0,0,0,0,19,7,0,4,0,0,0,0,3,0,0,0,0,0,0,0,31820,2,14,0,0,0,0,0,0,0,0,0,0,0,0,0,2,0,1,0,0,0,0,0,0,0,0,0,0,0,0,0,6,0,0,1
495,GGA,0,0,0,0,0,0,0,0,1,0,0,0,1,0,0,0,0,0,0,0,0,0,0,0,0,0,0,0,0,0,0,0,4,0,0,0,2,0,0,0,31997,4,3,0,1,0,0,0,0,0,0,0,0,2,1,0,2,0,0,0,0,0,0,0
496,GTA,1,0,0,0,0,0,0,0,0,0,0,1,32,0,1,0,0,0,0,0,0,0,0,0,0,0,0,0,0,0,0,0,0,0,0,0,1,0,0,0,0,0,0,0,31948,1,16,4,0,0,0,0,0,0,0,0,0,0,0,0,4,0,4,3
497,GCA,0,0,0,0,19,0,0,0,0,0,0,0,0,0,0,0,0,0,0,0,0,0,0,0,0,0,0,0,0,0,0,0,1,0,0,0,31886,0,14,1,1,0,0,0,31,0,0,0,0,0,0,0,1,0,0,0,0,0,0,0,0,0,0,0
498,CCC,0,0,0,0,0,0,0,0,0,0,0,0,0,0,0,0,0,4,0,0,8,31985,0,5,0,0,0,0,1,0,0,0,0,0,0,0,0,0,0,0,0,0,0,0,0,0,0,0,0,0,0,0,0,3,0,0,0,0,0,0,0,0,0,0
499,ACC,0,3,0,0,7,31979,0,16,0,0,0,0,0,2,0,0,0,0,0,0,0,0,0,0,0,0,0,0,0,0,0,0,0,0,0,0,0,3,0,0,0,0,0,0,0,0,0,0,0,0,0,0,2,3,0,1,0,0,0,0,0,0,0,0
500,AGG,1,0,2,0,0,3,0,0,3,1,31920,1,0,1,5,0,0,0,0,1,0,0,0,0,0,0,4,0,3,0,0,0,0,0,0,0,0,0,0,0,0,0,23,0,0,0,0,0,0,0,0,0,0,0,0,0,0,0,2,0,0,0,0,0
501,GCA,0,0,0,0,21,0,0,0,0,2,0,4,0,0,0,0,0,0,0,0,0,0,0,0,0,0,0,0,0,0,0,0,3,0,0,0,31919,1,4,9,0,0,0,0,11,0,0,0,0,0,0,0,4,4,0,1,0,0,0,2,0,0,0,0
502,AAG,12,0,31870,1,0,0,2,0,0,0,8,0,1,4,106,1,0,0,0,0,0,0,0,0,1,1,0,2,0,0,0,2,0,0,3,0,0,0,0,0,0,0,0,0,2,0,0,0,0,0,0,0,0,0,0,0,0,0,0,0,5,0,0,0
503,AGA,8,0,0,0,0,0,0,0,31977,0,3,1,1,0,0,0,0,0,0,0,0,0,0,0,8,0,1,0,0,0,0,0,0,0,0,0,0,0,0,0,0,0,0,0,0,0,0,0,0,1,0,0,0,0,0,0,0,0,0,0,0,0,0,0
504,AGA,3,0,0,0,0,4,0,0,31957,5,10,0,3,0,1,5,0,0,0,0,3,0,0,0,5,1,0,0,0,0,0,0,1,0,0,0,0,0,0,0,2,0,0,0,1,0,0,1,0,3,1,0,0,0,0,0,4,2,1,2,9,1,2,2
505,GTG,0,0,0,0,0,0,3,0,0,5,0,0,0,0,7,0,0,1,0,1,0,0,0,0,0,0,0,0,0,0,0,0,4,0,0,0,0,0,1,0,0,1,0,0,8,3,31986,5,0,0,0,0,0,0,0,1,0,0,0,2,0,0,0,0
506,GTG,0,0,0,0,0,0,0,0,0,0,0,0,0,0,11,0,0,0,0,0,0,0,0,0,0,0,0,0,0,0,0,0,0,2,0,0,0,0,0,0,0,1,0,0,5,2,31993,6,0,0,0,1,0,0,0,0,2,0,1,0,2,0,0,0
507,GGG,0,0,0,0,3,0,1,0,1,2,5,0,0,1,1,2,3,0,3,0,0,0,0,0,0,0,6,6,0,0,6,1,1,4,13,2,0,3,1,4,9,1,31931,7,0,1,1,0,0,1,0,0,0,0,0,1,0,0,7,0,0,0,0,0
508,AGA,6,0,0,0,0,0,2,0,31978,0,18,0,0,0,0,0,0,0,0,0,0,0,0,0,0,0,0,0,0,1,0,0,0,0,0,0,0,0,0,0,8,0,0,0,0,0,0,0,0,5,0,2,1,0,0,0,0,0,0,0,0,1,0,0
509,GAA,24,0,0,0,0,1,2,0,0,0,0,0,0,0,0,0,0,0,1,0,0,2,1,7,0,2,0,0,0,5,0,2,31940,0,3,3,1,5,2,3,2,1,1,7,0,0,2,1,4,0,0,2,0,0,2,1,3,0,0,0,4,0,0,0
510,AAA,31957,1,7,1,0,2,2,0,3,1,0,0,0,0,0,1,4,1,1,0,4,1,3,0,0,0,0,0,1,5,0,1,0,0,0,0,4,0,0,0,0,4,0,0,2,8,1,0,3,0,0,1,2,5,3,0,0,0,0,0,1,0,0,0
511,AGA,16,0,1,0,0,0,0,0,31929,0,6,0,1,0,0,0,0,0,0,0,0,0,0,0,4,1,0,0,0,0,0,0,0,0,0,0,0,0,0,0,61,0,0,0,0,0,0,0,0,0,0,0,0,0,0,0,0,0,0,0,2,0,0,0
512,GCA,0,10,0,4,43,5,5,8,0,7,0,4,4,0,0,11,14,4,18,7,0,0,0,0,0,0,0,0,2,7,12,2,30,6,3,8,31458,0,4,3,10,7,10,4,126,7,25,11,1,9,0,8,13,2,6,9,0,6,21,1,5,3,3,10
513,GTT,0,0,0,0,3,4,9,5,0,9,0,11,3,15,11,35,0,0,0,0,25,29,12,12,0,0,0,0,4,22,3,12,0,0,0,3,10,15,19,22,0,7,7,8,1,12,0,57236,0,2,0,25,8,16,7,13,0,0,1,0,2,11,5,47
514,GGA,4,6,0,8,12,10,0,14,11,5,5,6,4,5,4,5,3,15,19,2,7,13,3,18,1,1,2,2,6,16,10,15,149,14,26,21,11,13,11,13,57075,2,16,0,35,8,9,6,1,7,0,14,10,7,5,16,0,0,3,0,5,9,1,8
515,ATA,0,0,0,0,83,47,26,23,0,1,0,6,56854,6,140,4,1,3,0,2,30,24,24,19,0,0,0,0,22,17,9,18,0,0,0,0,10,19,2,2,3,4,6,6,11,7,1,8,0,56,0,32,19,24,33,22,0,0,0,0,33,27,6,27
516,GGA,4,13,2,3,4,3,10,0,9,0,0,6,21,8,0,2,0,0,0,0,4,0,15,3,0,0,0,0,3,1,0,2,13,2,7,11,5,0,0,0,57368,0,2,1,28,22,9,4,0,7,0,3,4,3,2,0,4,0,0,9,2,8,6,5
517,GCT,0,2,0,0,0,0,0,25,0,0,0,0,0,0,0,0,0,0,0,0,2,3,4,0,0,0,0,0,0,0,0,0,0,0,0,0,2,11,0,57596,0,0,0,1,0,4,0,30,0,0,0,2,3,2,1,0,0,0,0,0,0,0,0,0
518,GTC,0,0,0,0,0,1,0,2,0,2,0,2,4,29,0,0,0,0,0,0,0,0,0,0,0,0,0,0,0,0,0,2,0,0,0,0,5,26,6,5,7,7,1,6,7,57563,9,7,0,0,0,0,0,0,3,0,0,0,5,0,0,7,0,0
519,TTC,0,0,0,0,0,2,0,8,0,0,0,0,11,6,0,2,0,0,0,0,0,0,0,0,0,0,0,0,6,5,2,2,0,0,0,0,4,0,2,7,0,0,0,0,1,1,4,9,0,20,0,4,0,1,1,0,0,0,1,0,6,57615,0,0
520,CTT,0,0,0,0,0,0,0,0,0,0,0,0,0,0,0,10,0,0,0,1,0,0,0,23,0,0,0,4,0,1,0,57540,0,0,0,0,0,0,0,0,0,0,0,0,0,0,1,0,0,4,0,0,0,0,0,0,0,0,0,0,0,0,0,1
521,GGG,0,0,0,0,0,0,0,1,0,0,14,0,0,0,0,0,0,0,0,0,0,0,0,0,0,0,0,0,0,0,0,0,0,0,2,0,0,0,0,0,17,1,57654,1,0,0,2,0,0,0,0,0,0,0,0,0,0,0,5,0,0,0,0,0
522,TTC,0,0,0,0,0,0,0,0,0,0,0,0,0,0,0,0,0,0,0,0,0,0,0,0,0,0,0,0,0,6,0,0,0,0,0,0,0,0,0,0,0,0,0,0,1,0,0,1,0,0,0,0,0,1,0,0,0,0,0,3,0,57277,0,11
523,TTA,0,0,0,0,0,0,0,0,0,0,0,0,1,0,2,0,0,0,0,0,0,0,0,0,0,0,0,0,16,4,0,2,0,0,0,0,0,0,0,0,0,0,0,0,5,0,0,0,0,0,0,0,3,0,0,0,2,0,0,0,57542,1,28,0
524,GGA,3,0,0,0,5,6,0,0,27,7,0,5,3,0,0,2,3,6,1,0,0,0,0,0,0,0,0,0,0,0,2,2,5,0,0,0,2,2,4,5,57463,7,12,6,11,3,3,0,0,2,0,0,5,0,3,13,4,1,0,2,0,2,0,1
525,GCA,0,0,0,0,29,0,1,0,0,0,0,0,0,0,0,0,0,0,0,0,0,0,0,0,0,0,0,0,0,0,0,0,2,0,0,0,57504,2,6,1,0,0,0,0,31,0,0,0,0,2,0,0,9,6,0,5,0,0,0,0,0,0,0,0
526,GCA,0,0,0,0,47,0,0,0,0,0,0,0,0,0,0,0,0,0,0,0,0,0,0,0,0,0,0,0,0,0,0,0,4,0,0,0,57307,2,44,3,2,2,0,0,27,4,0,0,0,0,0,0,1,0,0,0,0,0,0,0,0,0,0,0
527,GGA,0,0,0,0,0,0,0,0,9,0,0,0,0,2,0,0,0,0,0,0,0,0,0,0,1,0,0,0,0,0,0,0,9,0,0,0,3,0,7,3,57469,5,17,4,6,0,0,0,0,0,0,0,0,0,1,0,2,0,0,0,0,0,0,0
528,AGC,0,13,0,0,0,0,0,0,4,57267,0,54,0,3,0,0,0,0,0,0,0,0,0,0,0,0,0,0,0,0,0,0,0,0,0,0,2,0,0,0,0,10,0,0,0,0,0,0,0,0,0,0,0,0,0,0,0,1,0,0,0,0,2,0
529,ACT,0,0,0,0,2,23,8,57071,0,0,0,0,0,3,0,3,0,0,0,0,0,0,0,0,0,0,0,0,0,0,0,0,0,0,0,0,0,0,1,0,0,0,0,0,0,0,0,0,0,0,0,0,0,0,0,0,0,0,0,0,0,0,0,0
530,ATG,0,0,1,0,0,0,6,0,0,0,0,0,0,0,56897,2,0,0,0,0,0,0,0,0,0,0,0,0,0,0,0,0,0,0,0,0,0,0,0,0,0,0,0,0,0,0,2,0,0,0,0,0,0,0,0,0,0,0,0,0,0,0,2,0
531,GGC,0,0,0,0,0,0,0,0,0,3,0,0,0,0,0,0,0,0,0,0,0,0,0,0,0,0,0,0,0,0,0,0,0,13,0,0,0,0,0,0,3,57300,0,33,0,0,0,0,0,0,0,0,0,0,0,0,0,9,0,0,0,0,0,1
532,GCG,0,0,0,0,0,0,10,0,0,0,0,0,0,0,0,0,0,0,0,0,0,0,0,0,0,0,0,0,0,0,0,0,0,0,0,0,36,1,57157,3,0,0,0,0,0,0,36,0,0,0,0,0,0,0,9,0,0,0,0,0,0,0,0,0
533,GCG,0,0,0,0,0,0,10,0,0,0,0,0,0,0,0,0,0,0,0,0,0,0,0,0,0,0,0,0,0,0,0,0,0,0,1,0,71,1,57130,5,0,0,0,0,0,0,36,0,0,0,0,0,0,0,4,0,0,0,0,0,0,0,0,0
534,TCA,0,0,0,0,2,0,0,0,0,1,0,0,0,0,1,0,0,0,0,0,7,0,0,0,0,0,0,0,0,0,0,0,0,0,0,0,11,3,7,3,3,0,0,5,0,0,0,0,4,0,0,0,56809,2,45,8,2,0,0,0,4,0,0,0
535,ATG,0,0,1,0,0,0,1,0,0,0,0,0,8,0,56471,2,0,0,0,0,0,0,0,0,0,0,0,0,1,0,0,0,0,0,0,0,0,0,0,0,0,0,0,0,0,0,13,0,0,0,0,0,0,0,0,0,0,0,0,0,2,0,2,0
536,ACG,0,0,4,0,35,4,57320,1,0,0,2,0,0,0,26,0,0,0,0,0,0,0,0,0,0,0,0,0,0,0,0,0,0,0,0,0,0,0,7,0,0,0,1,0,0,0,0,0,0,0,0,0,0,0,0,0,0,0,0,0,0,0,2,0
537,CTG,0,0,0,0,0,0,0,0,0,0,0,0,0,0,3,0,0,0,0,0,0,0,1,0,0,0,0,0,5,0,57649,0,0,0,0,0,0,0,0,0,0,0,0,0,0,0,0,0,0,0,0,0,0,0,0,0,0,0,0,0,0,0,6,0
538,ACG,0,0,0,0,17,1,57346,2,0,0,0,0,0,0,60,0,0,0,0,0,0,0,0,0,0,0,0,0,0,0,0,0,0,0,0,0,0,0,16,0,0,0,0,0,0,0,0,0,0,0,0,0,0,0,5,0,0,0,0,0,0,0,0,0
539,GTA,0,0,0,0,0,0,0,0,0,0,0,0,25,0,0,0,0,0,0,0,0,0,0,0,0,0,0,0,0,0,0,0,4,0,0,0,23,0,0,0,4,0,0,0,57330,0,9,0,0,0,0,0,0,0,0,0,0,0,0,0,0,0,0,0
540,CAG,0,0,1,0,0,0,0,0,0,0,0,0,0,0,0,0,26,0,57131,5,0,0,3,0,0,0,21,0,0,0,5,0,0,0,1,0,0,0,0,0,0,0,0,0,0,0,0,0,0,0,31,0,0,0,0,0,0,0,0,0,0,0,0,0
541,GCC,0,0,0,0,0,22,0,0,0,0,0,0,0,0,0,0,0,0,0,0,0,0,0,0,0,0,0,0,0,1,0,0,0,3,0,0,2,56901,0,4,0,0,0,0,0,20,0,0,0,0,0,0,0,3,0,0,0,0,0,0,0,0,0,0
542,AGA,12,2,0,0,0,0,0,0,57118,0,0,0,3,0,0,1,0,0,0,0,0,0,0,0,2,0,0,0,0,0,0,0,0,0,0,0,0,0,0,0,4,0,0,5,0,0,0,0,0,0,0,0,0,0,0,0,1,0,0,0,0,0,0,0
543,AAT,5,3,2,56573,0,0,0,4,0,0,0,1,0,1,0,0,0,0,0,3,0,3,0,0,0,2,0,1,0,0,0,0,0,0,0,0,0,0,0,0,0,0,0,0,0,0,0,0,0,0,0,0,0,0,4,0,0,0,0,0,0,2,0,0
544,TTA,0,0,0,0,6,0,0,0,0,0,0,0,0,0,0,0,0,0,0,0,0,0,0,0,0,0,0,0,0,0,0,0,0,0,0,0,0,0,0,0,0,0,0,0,0,0,0,0,0,0,0,0,4,0,0,0,0,0,0,0,55960,0,7,1
545,TTA,0,0,0,0,0,0,0,0,0,0,0,0,3,0,0,0,0,0,0,0,0,0,0,0,0,0,0,0,0,0,0,0,0,0,0,0,0,0,0,0,0,0,0,0,0,1,0,0,0,0,0,0,1,0,0,0,0,0,0,0,56755,0,13,4
546,TCT,1,0,0,0,0,0,0,6,0,0,0,0,0,0,0,0,0,0,0,0,0,0,0,2,0,0,0,0,0,2,0,1,0,0,0,0,0,0,0,0,0,0,0,0,1,0,0,0,0,3,0,3,0,10,0,57104,0,0,0,1,0,1,0,8
547,GGC,0,0,0,0,0,0,0,0,0,4,0,0,0,0,0,0,0,0,0,0,0,0,0,0,0,0,0,0,0,0,0,0,0,70,0,0,0,1,0,0,17,55574,0,39,0,1,2,0,0,0,0,0,0,0,0,0,0,2,0,0,0,0,0,0
548,ATA,0,0,0,0,0,0,0,0,0,0,0,0,55082,0,24,1,0,0,0,0,0,0,0,0,0,0,0,0,2,0,0,0,0,0,0,0,0,0,0,0,0,0,0,0,5,0,0,1,0,0,0,0,4,2,0,0,0,0,0,0,1,0,0,0
549,GTG,0,0,0,0,0,0,0,0,0,0,0,0,0,0,6,0,0,0,0,0,0,0,0,0,0,0,0,0,0,0,0,0,0,0,0,0,0,0,10,0,0,0,5,0,44,0,54908,0,0,0,0,0,0,0,0,0,0,0,0,0,0,0,1,0
550,CAA,0,0,5,0,0,0,4,0,0,2,0,0,0,0,0,0,52764,0,14,5,0,0,0,0,2,0,0,0,0,2,0,1,1,0,0,0,0,0,0,0,0,0,0,0,1,0,0,0,23,0,0,0,0,0,1,0,0,0,0,0,0,0,0,0
551,CAG,0,0,6,0,0,0,0,0,0,0,0,2,0,0,0,0,35,1,55443,5,0,0,0,0,0,0,2,0,0,0,0,0,0,0,0,0,0,3,0,0,0,0,0,0,0,0,1,0,0,0,7,0,0,1,4,0,0,0,1,0,0,0,0,2
552,CAA,0,0,0,0,0,0,0,0,0,0,0,0,0,0,0,0,52605,0,4,2,0,0,0,0,0,0,0,0,0,0,0,0,0,0,0,0,0,0,0,0,0,0,0,0,0,0,0,0,5,0,0,0,0,0,0,0,0,0,0,0,0,0,0,0
553,AGC,0,28,0,0,0,0,0,0,3,50234,0,31,0,0,0,0,0,0,0,0,0,1,0,0,0,0,0,0,0,0,0,0,0,0,0,0,0,0,0,0,0,1,0,0,0,0,0,0,0,0,0,0,0,0,0,0,0,1,0,0,0,0,0,0
554,AAT,0,0,6,49058,0,0,0,0,0,0,0,0,0,0,0,0,0,0,1,4,0,0,0,0,0,0,3,0,0,0,0,0,0,0,0,2,4,0,0,0,0,0,0,0,0,0,0,0,0,0,0,1,0,0,0,0,0,0,0,0,0,0,0,0
555,TTG,0,0,0,0,0,0,0,0,0,0,0,0,0,0,1,0,0,0,0,0,0,0,0,0,0,0,0,0,0,0,3,0,0,0,0,0,0,0,0,0,0,0,0,0,0,0,0,0,0,0,0,0,0,0,0,0,0,0,1,0,19,0,50716,2
556,CTG,0,0,0,0,0,0,0,0,1,0,0,0,0,0,0,0,0,5,4,0,0,0,8,0,2,0,0,0,4,1,48641,1,0,0,0,0,0,0,0,0,0,0,0,0,0,0,0,0,4,0,0,0,0,0,0,0,0,0,0,0,0,0,25,0
557,AGG,0,0,15,3,0,3,1,2,9,0,41112,14,0,3,8,0,0,1,1,2,0,0,0,0,0,0,12,5,3,0,5,0,0,0,1,0,0,4,0,2,0,0,9,0,1,0,0,0,0,0,0,0,3,0,1,0,0,0,4,0,7,0,0,0
558,GCT,0,0,0,0,6,6,0,64,0,0,0,0,0,0,0,1,0,0,0,0,0,0,0,0,0,0,0,0,0,0,0,0,0,0,0,3,4,6,0,41920,0,0,0,0,0,0,0,13,0,0,0,0,0,0,0,4,0,0,0,0,0,0,3,0
559,ATA,2,0,0,0,4,0,0,0,0,0,0,0,48239,0,29,2,0,0,0,0,0,0,0,0,0,0,0,0,0,0,0,0,0,0,0,0,0,0,0,0,0,0,0,1,5,1,2,0,0,0,0,0,0,0,0,0,0,0,0,0,0,2,5,0
560,GAG,0,0,11,0,0,0,0,0,0,0,0,0,0,0,0,0,0,0,1,0,0,0,0,0,0,0,0,0,0,0,2,0,7,3,38231,9,0,3,1,0,3,0,5,0,0,0,1,0,0,0,3,0,0,0,0,0,0,0,0,1,0,0,0,0
561,GCT,0,0,0,0,0,0,0,44,0,0,0,1,0,0,0,0,0,0,0,0,0,0,0,0,0,0,0,0,0,0,2,0,0,0,0,0,2,8,0,37615,0,0,0,0,0,0,0,6,0,0,0,0,2,0,2,4,0,0,2,0,1,0,0,0
562,CAA,6,0,0,3,0,0,0,0,0,0,0,0,0,0,0,0,47277,2,0,3,0,0,0,0,2,0,0,0,0,0,0,0,0,0,0,0,0,0,0,0,0,0,0,0,0,0,0,0,2,0,0,0,3,0,0,0,0,0,0,0,0,0,0,0
563,CAA,1,0,0,0,3,0,0,1,0,0,0,0,0,0,0,0,46732,1,1,1,0,0,1,0,3,0,0,0,0,0,0,3,0,0,0,0,0,0,0,0,0,0,0,0,0,0,0,0,6,0,0,0,0,1,0,0,0,0,0,1,0,0,0,0
564,CAT,0,1,0,6,0,0,0,0,0,0,0,0,0,0,0,0,0,4,3,39773,0,0,0,0,1,0,0,0,0,0,0,0,0,0,0,0,0,0,0,3,0,0,0,0,0,0,0,0,0,0,0,3,0,0,0,0,0,0,1,0,0,0,0,0
565,CTG,0,0,3,0,0,4,0,0,0,0,0,0,0,0,13,0,2,0,8,0,0,0,7,0,0,0,0,0,11,0,54728,1,0,0,2,0,0,5,4,0,0,0,0,0,1,1,3,0,0,0,0,0,0,0,2,0,0,0,0,0,0,0,18,1
566,TTG,0,0,0,0,0,0,0,0,0,0,0,0,0,0,3,0,0,0,0,0,0,0,0,0,0,0,0,0,0,0,6,0,0,0,0,0,0,0,0,0,0,0,0,0,0,0,2,1,0,0,0,0,0,0,16,0,0,0,2,0,0,0,55076,0
567,AAA,55118,0,2,0,3,0,0,0,0,2,9,7,0,0,0,0,0,0,0,0,0,0,0,0,0,0,0,0,0,0,0,0,7,0,0,0,0,0,2,0,2,2,1,0,0,0,0,0,0,0,0,0,0,5,0,0,0,0,0,0,0,0,0,0
568,CTC,0,0,0,0,0,0,0,2,0,0,0,0,0,1,0,2,0,2,0,1,0,9,0,0,0,1,0,0,0,53033,0,11,0,0,0,0,0,3,4,0,1,0,0,0,0,0,0,0,0,2,0,0,0,0,0,0,0,0,0,1,1,4,0,0
569,ACG,0,0,0,0,30,4,54303,11,0,1,1,0,0,0,48,0,0,6,0,0,0,0,0,0,0,0,0,0,0,0,0,0,0,0,3,0,0,0,7,0,0,0,0,4,0,0,0,0,0,0,0,0,0,0,2,0,0,0,0,0,0,0,0,4
570,GTC,0,0,0,0,0,2,0,0,0,0,0,0,0,11,0,0,0,0,0,0,0,1,0,0,0,0,0,0,2,0,0,0,0,1,0,0,0,3,3,0,0,0,0,7,10,52114,1,0,0,0,0,0,0,0,0,0,0,0,0,0,3,4,3,2
571,TGG,0,0,0,0,0,0,0,0,0,0,0,0,0,0,0,0,0,0,0,0,0,0,0,0,0,0,19,0,0,0,7,0,0,0,0,0,0,0,0,0,0,0,0,0,0,0,0,0,0,0,2,0,0,0,0,0,1,0,55000,2,0,0,5,0
572,GGC,0,0,0,0,0,0,0,0,0,9,0,0,0,0,0,0,0,0,0,0,0,0,0,0,0,0,0,0,0,0,0,0,0,50,0,0,0,0,1,0,12,55075,1,20,0,0,0,0,0,3,0,0,0,0,0,2,0,0,0,0,0,0,0,0
573,ATT,0,0,0,0,7,2,1,10,1,2,0,2,4,14,2,55800,0,0,0,0,0,0,0,0,0,0,0,0,1,5,0,3,4,0,4,0,1,0,6,3,0,0,0,0,2,6,0,2,0,0,0,0,0,2,0,0,0,0,0,0,0,0,0,0
574,AAA,56999,0,6,0,0,0,0,0,4,0,0,0,0,0,0,0,0,0,2,0,0,0,0,0,2,0,0,2,0,0,0,0,13,0,3,0,0,0,0,0,0,0,0,0,0,0,0,0,0,0,0,0,0,0,0,0,0,0,0,0,0,0,0,0
575,CAG,0,1,1,0,2,1,4,0,0,4,0,0,0,0,0,0,33,2,56988,0,0,2,0,0,0,0,6,2,0,0,0,0,1,0,2,0,0,0,6,1,0,0,0,1,0,0,0,0,0,0,17,0,2,2,6,0,0,0,4,0,0,0,0,0
576,CTC,0,0,0,0,0,0,0,0,0,0,0,0,0,3,0,0,0,0,0,2,0,3,0,0,0,1,0,0,4,55269,1,5,0,0,0,0,0,0,0,0,0,0,0,0,0,0,0,0,0,0,0,0,0,0,0,0,0,0,0,0,0,6,0,0
577,CAG,0,0,7,0,0,0,0,0,0,0,0,0,0,0,0,0,7,0,57207,4,0,0,2,0,0,0,13,0,3,0,1,0,0,0,0,0,0,3,0,0,0,0,0,0,0,0,0,0,0,3,4,0,4,1,0,0,0,3,0,0,0,0,0,0
578,GCA,0,0,2,0,18,0,0,2,0,0,0,0,0,3,0,0,0,0,0,0,0,0,0,0,0,0,0,1,0,0,0,0,1,0,0,0,56958,1,9,0,0,0,0,1,5,0,0,0,0,0,0,0,0,0,1,0,0,0,0,0,2,0,0,0
579,AGG,0,0,7,0,0,0,0,0,10,0,57511,0,0,0,15,0,0,0,0,0,0,0,0,0,0,2,4,1,0,0,0,0,0,0,0,0,0,0,0,0,0,0,7,0,0,0,0,0,0,0,1,0,0,0,0,0,0,0,0,0,0,0,0,0
580,GTC,0,0,0,0,0,0,0,0,0,0,0,0,0,17,4,1,0,0,0,0,0,0,0,0,1,0,0,0,0,2,0,0,0,1,0,0,0,2,0,0,0,0,0,0,0,56857,1,7,0,0,0,0,0,0,0,0,0,0,0,0,3,10,0,0
581,CTG,0,0,0,0,0,0,0,0,0,0,0,0,0,1,6,0,0,1,0,0,0,1,10,0,0,0,2,1,19,5,57427,18,0,0,0,0,0,0,3,0,0,0,0,0,1,6,1,0,2,0,0,0,0,0,0,1,0,0,4,2,0,0,11,0
582,GCT,0,0,0,0,0,1,0,30,0,0,0,0,0,0,0,0,0,0,2,0,0,0,0,2,0,0,0,0,0,0,0,0,0,0,0,0,0,6,0,57424,0,0,0,0,0,0,0,33,0,0,0,0,0,3,0,2,0,0,0,0,0,0,0,0
583,GTG,0,1,0,0,0,0,0,0,0,0,0,0,0,0,28,2,0,0,0,6,0,0,0,0,0,0,0,0,0,0,6,0,0,0,0,0,1,0,10,0,0,0,0,0,11,2,57512,10,0,0,0,0,0,0,0,0,0,0,0,0,0,0,2,0
584,GAA,10,0,0,0,0,0,0,0,0,0,0,0,0,0,0,0,2,0,0,0,0,0,0,0,0,0,0,0,0,0,0,0,57732,0,7,0,0,0,0,0,3,0,0,0,0,0,0,0,2,0,0,0,0,0,0,0,0,0,0,0,0,0,0,0
585,AGA,4,0,0,0,3,0,2,0,57618,0,7,3,2,0,1,0,0,1,0,0,0,0,0,0,3,0,3,1,0,0,0,0,0,0,0,0,0,0,2,0,3,2,0,0,0,0,1,0,3,0,0,0,0,0,0,0,0,0,5,0,7,0,0,1
586,TAC,0,2,0,0,5,1,1,2,0,0,0,0,0,0,0,3,0,1,0,0,0,0,0,0,0,4,0,0,0,0,0,0,0,0,0,0,0,0,0,0,0,0,0,0,0,0,0,3,6,57504,2,4,0,0,0,0,0,3,0,0,2,0,0,0
587,CTA,0,0,0,0,2,0,0,0,0,0,0,0,3,0,0,0,0,0,0,0,12,0,0,0,0,0,0,0,57541,0,4,0,0,0,0,0,0,0,0,0,0,0,0,0,0,0,0,0,0,0,0,0,0,0,0,0,0,0,0,0,7,0,0,0
588,AGG,0,0,28,0,0,0,0,0,11,0,57419,5,8,3,12,1,0,0,0,2,0,0,0,0,0,0,6,0,0,0,0,0,0,0,0,0,0,0,0,0,0,0,15,0,0,0,0,0,0,0,0,0,0,0,0,0,0,0,0,6,0,0,0,0
589,GAT,0,0,0,7,0,0,0,0,0,0,0,0,1,1,1,0,1,0,0,1,0,0,0,0,3,0,0,0,0,0,0,0,0,3,0,57443,0,0,0,0,0,0,0,0,2,0,3,0,0,0,0,0,0,0,0,0,0,0,0,3,3,0,0,0
590,CAA,14,2,0,1,1,0,0,0,3,0,0,0,0,0,0,0,57556,0,1,1,0,0,0,0,8,0,1,2,0,0,0,1,0,1,0,0,0,0,2,0,2,0,1,0,1,0,0,0,1,0,0,1,4,0,0,0,0,0,0,0,2,0,0,0
591,CAG,0,2,4,0,0,0,0,0,0,0,0,0,0,0,0,0,10,0,57517,2,0,0,2,0,0,0,6,0,1,0,6,3,0,0,0,0,0,2,0,1,0,0,0,0,2,0,0,0,0,0,9,0,0,0,0,0,0,0,0,0,0,0,0,1
592,CTT,0,0,0,0,0,0,0,0,1,1,0,0,0,0,0,1,0,0,0,3,0,0,0,3,0,0,1,3,2,5,4,57493,0,0,0,0,0,0,0,0,0,0,0,0,0,0,0,2,0,0,0,3,0,0,0,0,0,1,0,0,5,0,3,15
593,CTA,0,0,0,4,0,0,0,0,0,0,0,0,1,0,1,1,1,0,0,0,2,0,0,0,0,0,0,0,57564,5,10,5,0,0,0,0,5,0,0,0,0,0,0,0,1,0,0,0,0,0,0,0,0,0,0,0,0,0,2,0,3,0,6,0
594,GGA,3,1,9,0,3,0,0,9,4,0,5,10,0,0,3,0,21,18,3,1,0,0,0,0,6,5,1,4,0,0,0,0,12,1,0,0,13,1,7,5,57456,3,8,2,1,3,0,10,0,9,0,0,4,5,5,3,4,0,0,2,6,0,0,0
595,ATT,0,0,0,1,0,0,0,0,0,0,0,0,0,13,7,57552,0,0,0,0,0,0,0,1,0,0,0,0,1,0,2,12,0,0,0,0,0,0,0,0,0,0,0,0,1,0,0,1,0,0,0,0,0,0,0,0,0,0,0,0,5,0,15,0
596,TGG,0,0,0,0,0,0,0,0,0,0,2,0,6,0,0,1,0,0,0,0,0,0,0,0,0,0,2,0,0,0,1,0,0,0,0,0,0,0,0,0,0,0,2,0,2,0,0,0,0,0,21,0,0,0,0,0,1,0,57564,9,0,6,7,2
597,GGC,0,0,0,0,0,0,0,0,0,11,0,2,0,0,0,0,0,0,0,0,0,1,0,0,0,6,0,0,0,0,0,0,0,20,0,0,0,0,0,0,2,57407,2,56,0,11,0,0,0,0,0,2,0,0,0,0,0,1,0,0,0,0,0,0
598,TGC,0,0,0,0,0,0,0,0,0,0,0,0,0,0,0,0,0,0,0,0,0,0,4,0,0,0,0,0,0,0,0,0,0,0,0,0,0,0,2,0,0,2,0,0,0,0,0,0,0,53,0,0,0,1,0,0,0,57523,2,41,0,2,0,0
599,TCT,3,0,1,0,0,1,2,3,0,0,0,0,0,1,1,0,2,2,1,0,0,0,0,6,3,0,2,1,2,2,0,4,0,0,0,0,3,0,2,7,0,0,4,4,3,4,3,2,0,3,0,11,5,60,6,57503,0,0,0,1,1,0,4,10
600,GGA,2,0,0,3,0,5,0,0,16,0,1,5,0,4,0,0,1,0,0,2,0,0,0,0,0,0,1,1,2,0,0,0,27,0,0,0,8,1,1,2,57551,1,16,10,0,2,0,0,0,0,0,3,10,1,4,0,1,0,0,0,0,0,0,3
601,AAA,57606,0,7,0,0,0,2,4,2,0,3,0,0,0,1,0,0,1,0,0,0,0,0,0,3,0,0,2,0,0,0,0,0,0,0,0,0,0,0,0,0,0,0,3,0,0,0,0,0,0,2,0,5,0,0,0,0,0,0,0,0,0,0,0
602,CTC,0,0,0,0,0,0,0,0,0,0,0,0,1,8,4,1,0,3,0,0,0,4,0,0,0,0,0,0,6,57616,1,1,0,0,0,0,0,0,0,0,0,0,0,0,0,0,0,1,0,2,0,0,0,0,0,0,0,0,0,0,0,11,7,2
603,ATC,0,3,0,0,0,0,0,0,2,0,0,0,8,57550,0,13,0,0,0,0,0,0,0,0,0,0,0,0,0,0,0,0,0,0,0,0,0,0,0,0,0,0,0,0,2,4,0,0,0,0,0,0,0,0,1,0,0,0,0,0,0,0,0,0
604,TGC,0,0,0,0,0,0,0,0,0,4,0,0,0,0,0,0,0,0,0,0,0,0,0,0,0,11,0,0,0,0,4,0,0,0,0,0,2,0,0,0,0,1,0,0,0,0,0,0,0,30,0,0,0,0,0,0,4,57561,0,38,0,0,0,0
605,ACC,0,0,0,0,4,57656,3,8,0,0,0,0,0,8,0,2,4,0,0,0,0,0,2,0,0,0,0,0,12,0,3,3,0,0,0,0,1,3,0,2,0,0,0,0,0,2,0,2,0,0,0,0,0,4,0,2,0,0,0,0,3,0,2,0
606,ACT,0,0,0,6,1,27,0,57695,0,0,0,1,0,0,0,0,0,0,0,0,0,0,0,0,0,0,0,0,0,0,0,0,0,0,0,0,0,0,0,1,0,0,3,0,0,0,0,0,0,0,0,0,0,0,0,0,0,0,0,0,0,0,0,0
607,AAT,12,7,0,57704,1,0,0,3,0,0,0,2,6,0,0,0,0,0,0,0,0,0,0,0,0,2,0,0,0,0,0,0,0,4,0,1,0,0,0,0,0,0,2,2,0,0,0,2,1,0,0,0,0,0,0,5,0,0,0,2,0,0,1,0
608,GTG,0,0,0,0,0,0,0,0,0,0,0,0,0,0,14,0,0,0,0,0,0,0,0,0,0,0,0,0,0,0,0,0,0,0,1,0,0,0,9,0,0,0,0,0,38,3,57678,0,0,0,0,0,0,0,0,0,0,0,0,0,0,0,1,0
609,CCC,0,0,0,8,0,1,2,6,0,0,13,0,0,0,0,8,0,15,0,0,12,96187,8,5,1,0,0,0,2,3,0,0,0,0,0,0,4,7,0,11,0,2,0,0,0,0,0,8,1,0,0,0,0,66,0,0,0,0,0,0,0,9,3,0
610,TGG,0,0,0,0,0,0,0,0,0,0,13,0,0,0,0,0,0,0,0,0,0,0,0,0,0,0,73,0,0,0,0,0,0,0,0,0,0,0,0,0,0,0,6,0,0,0,0,0,0,0,12,0,0,0,0,0,18,0,96247,4,0,0,2,0
611,AAC,0,96306,0,27,0,0,0,0,0,1,4,0,0,0,0,0,0,1,0,0,0,0,0,0,0,0,0,2,0,0,0,0,0,7,0,2,0,0,0,5,0,0,0,0,5,0,3,0,0,0,0,3,0,0,0,10,0,0,0,0,0,0,3,0
612,TCT,0,0,0,0,2,3,0,8,0,0,0,0,2,4,2,0,1,0,0,4,0,0,0,9,0,0,4,1,1,0,0,0,0,2,0,1,4,0,0,2,0,5,2,3,3,0,0,2,0,8,0,9,4,7,8,96271,0,1,10,15,0,0,0,18
613,AGT,1,0,4,10,4,0,0,3,3,5,2,96236,0,0,0,0,0,0,6,1,0,0,0,0,0,0,0,4,3,0,0,0,0,0,0,13,0,0,2,8,0,0,2,22,1,0,0,0,0,0,0,0,0,1,3,7,0,0,3,2,2,0,0,0
614,TGG,4,0,0,0,0,0,0,0,0,0,2,0,0,0,0,0,0,0,0,0,0,0,0,0,0,0,3,0,0,0,0,0,0,0,0,0,0,0,0,0,0,0,1,0,0,0,0,0,0,0,10,0,0,0,1,0,20,0,96378,0,0,0,8,0
615,AGT,0,0,0,55,0,0,0,4,5,16,0,96175,1,0,0,2,0,0,0,0,0,0,0,0,0,0,0,0,0,0,0,0,0,0,0,0,0,0,0,0,4,0,4,27,0,3,0,6,0,0,0,0,0,0,2,3,0,3,1,3,0,0,0,0
616,AAT,2,7,4,96263,0,4,10,0,3,0,2,7,0,0,4,0,0,0,0,0,8,0,0,0,0,1,0,0,0,2,3,0,0,2,4,8,1,5,10,0,5,0,0,0,12,8,0,0,0,0,0,10,2,0,0,6,0,0,0,0,0,0,10,0
617,AGA,15,0,1,0,6,0,0,0,96192,0,0,1,3,0,0,2,0,0,0,0,0,0,0,0,1,1,3,3,0,0,0,2,0,0,0,0,2,0,0,0,43,0,0,0,0,0,4,0,0,0,0,0,0,0,0,0,12,5,0,0,0,0,0,5
618,AAC,13,95980,10,26,27,5,2,6,7,33,5,18,0,3,0,7,8,3,8,10,0,6,0,1,4,0,0,2,0,0,0,1,0,3,0,5,0,6,0,3,4,3,0,7,7,1,0,6,0,0,0,0,3,11,10,0,0,5,0,1,11,0,2,0
619,CTG,0,0,0,0,0,0,2,0,0,2,0,2,2,3,25,0,0,4,1,0,7,3,44,1,0,0,0,0,42,2,96053,2,0,0,2,0,0,2,0,0,0,0,0,0,1,0,3,4,0,8,0,10,0,0,0,0,0,0,0,0,2,2,21,4
620,AGT,5,1,0,23,2,0,0,4,6,6,9,95747,0,6,10,11,0,0,8,2,0,0,0,0,0,0,2,0,4,0,3,6,4,0,14,2,0,0,0,0,1,6,10,24,9,2,9,0,0,10,2,2,0,0,0,8,0,1,11,5,2,0,4,0
621,GAG,5,12,42,0,7,11,0,0,3,6,0,4,0,0,3,0,0,9,0,0,0,8,0,0,0,0,0,4,0,0,7,6,37,2,95715,13,6,0,8,2,0,0,52,7,8,0,9,3,5,8,2,0,0,0,4,0,0,0,7,0,0,0,5,0
622,ATA,0,0,0,0,1,0,0,0,0,0,0,0,95761,1,7,8,0,0,0,0,0,0,0,0,0,0,0,1,0,0,3,0,0,0,0,0,0,0,0,0,0,0,0,0,2,0,2,1,0,0,0,0,0,0,0,0,0,0,0,0,1,0,0,0
623,TGG,0,0,3,0,0,0,0,0,0,3,6,0,0,0,0,0,0,0,0,0,0,0,0,0,0,0,15,0,0,0,0,0,0,0,0,0,0,4,0,0,0,0,0,0,0,0,0,0,0,2,9,2,0,0,0,0,22,0,96151,6,0,0,13,0
624,GAC,0,26,3,1,7,12,0,2,0,1,0,1,0,5,0,0,2,2,0,0,0,0,0,0,1,0,0,0,6,0,4,0,14,95881,5,26,2,2,8,4,5,10,0,2,2,0,0,0,0,18,0,0,1,0,0,1,0,7,0,2,6,7,0,1
625,AAC,8,96049,2,20,0,11,3,0,7,13,0,0,3,9,0,2,0,0,3,6,0,0,0,0,0,2,0,0,0,16,0,3,0,9,0,0,0,2,0,8,6,0,0,3,0,0,5,3,0,2,0,0,5,4,0,5,0,0,3,9,0,0,8,0
626,ATG,0,0,2,0,2,4,18,0,0,0,7,1,11,4,96002,19,0,0,1,0,0,0,0,0,0,0,0,0,7,14,5,0,0,0,0,0,0,0,2,0,0,0,0,0,3,0,47,0,0,0,0,0,0,0,0,0,0,0,0,0,6,6,3,3
627,ACC,0,6,0,0,9,96000,25,17,3,3,9,3,0,13,0,0,0,0,0,0,0,0,4,0,0,0,0,0,0,0,2,0,0,8,0,0,0,17,0,0,0,0,0,0,0,0,0,0,0,0,0,0,0,0,1,0,0,0,0,0,0,0,8,0
628,TGG,0,0,1,0,0,0,0,0,0,0,0,0,0,0,0,0,5,0,0,0,0,0,0,0,0,0,12,0,0,0,0,0,0,0,5,0,0,0,0,0,0,0,0,7,0,0,0,0,0,0,8,0,0,0,0,0,41,0,95485,1,2,0,0,0
629,CTG,0,7,4,15,0,0,7,1,4,4,0,2,0,4,40,5,0,5,41,1,0,4,18,3,5,5,9,3,97,19,95009,14,0,0,0,0,11,7,1,0,2,5,5,0,1,0,7,5,0,0,0,6,11,7,7,7,0,6,2,1,9,0,48,7
630,CAA,31,0,0,3,3,2,0,2,0,4,0,9,0,0,0,4,94741,0,5,11,0,0,0,0,15,4,0,0,1,0,0,3,10,7,3,1,0,0,0,5,4,0,0,0,0,0,0,0,56,7,0,0,2,0,0,0,0,0,0,0,2,0,0,0
631,TGG,0,0,0,0,0,0,0,0,0,0,11,0,0,0,0,0,0,0,0,0,0,0,0,0,0,0,6,0,0,0,0,0,0,0,0,0,0,0,0,0,0,0,0,0,0,0,0,0,0,0,16,0,0,4,0,0,10,0,95187,2,0,0,8,0
632,GAT,6,0,0,62,10,0,0,0,0,6,0,0,0,0,3,0,0,0,9,2,0,0,0,0,0,0,0,0,0,0,0,0,1,6,1,95815,3,2,3,0,4,5,15,13,1,0,0,5,0,1,0,11,3,0,8,10,0,0,0,7,2,0,0,0
633,AAA,96103,9,13,13,6,3,10,2,21,6,9,3,10,8,3,1,9,0,7,0,0,0,0,0,11,5,4,0,0,3,0,0,28,0,0,11,3,0,0,0,12,12,0,6,0,6,3,4,0,4,0,0,0,7,0,0,0,0,7,0,0,5,2,11
634,GAA,12,3,7,0,3,0,8,2,0,0,0,0,0,1,0,5,6,0,4,0,0,0,0,0,0,0,0,1,3,5,0,1,96068,7,8,1,0,3,0,5,5,0,0,0,9,0,0,3,2,14,0,8,3,0,2,8,0,3,2,0,0,3,6,0
635,ATT,0,0,0,5,0,0,0,9,0,0,0,0,15,7,0,96103,0,0,0,0,0,0,0,0,0,0,0,0,10,0,2,0,0,0,0,0,0,4,0,0,0,0,0,0,0,6,2,4,0,0,0,0,0,0,0,0,0,0,0,0,1,5,7,1
636,AGC,0,40,0,0,0,0,0,0,36,95683,23,85,11,13,0,1,10,3,2,16,0,0,0,0,0,1,7,0,0,6,0,0,0,0,2,0,5,3,4,2,10,44,14,19,0,0,0,3,0,0,3,2,0,0,3,3,0,10,0,3,0,4,1,1
637,AAT,23,12,0,95897,0,0,9,3,0,0,4,8,0,0,2,7,0,8,0,4,0,0,0,0,1,0,0,1,0,2,0,0,0,0,0,11,0,5,0,0,0,0,0,3,0,1,8,0,2,0,0,0,0,0,0,0,0,0,0,0,0,0,2,0
638,TAC,10,10,0,0,4,0,0,0,4,2,5,0,0,0,9,0,7,9,0,11,0,0,0,0,0,0,4,9,0,3,7,0,0,0,0,0,0,1,8,2,0,0,0,0,4,0,0,1,7,95664,0,44,8,1,8,6,0,21,4,0,4,0,0,13
639,ACA,24,0,0,4,95795,0,8,4,2,8,0,0,20,4,0,0,0,0,0,5,0,0,0,0,0,7,0,3,0,0,4,8,0,0,0,0,17,0,0,2,0,7,0,0,0,0,0,3,0,0,0,0,4,0,3,2,0,0,0,0,5,0,3,0
640,CAG,3,0,1,3,0,0,0,0,0,0,0,0,0,0,0,0,27,3,95370,23,0,0,1,0,0,4,10,3,0,0,16,0,2,2,1,0,3,0,0,0,0,2,3,5,0,0,0,1,0,0,6,8,3,0,3,0,0,0,6,3,0,0,0,0
641,ATA,0,0,0,8,6,0,7,0,0,0,4,0,94741,3,22,8,3,5,0,0,0,0,0,0,0,0,4,1,3,0,0,0,0,0,0,0,6,0,0,0,0,0,0,0,8,6,0,0,1,0,2,1,6,3,2,0,0,0,2,0,0,0,7,0
642,ATA,7,0,0,0,0,0,0,0,0,0,0,1,94413,15,9,8,0,0,0,0,1,0,0,0,0,0,0,0,0,0,0,0,0,0,0,0,0,0,0,0,0,0,0,0,5,0,0,0,0,0,0,0,0,0,0,0,0,0,0,0,1,0,0,0
643,TAT,3,0,0,10,0,0,4,0,0,0,0,4,0,0,0,0,0,0,0,2,0,0,0,0,0,0,1,4,6,2,0,0,0,0,0,0,6,0,1,0,0,0,0,0,0,0,0,0,10,7,6,92972,2,0,0,5,4,0,10,3,3,2,0,0
644,GGG,0,6,0,0,0,3,4,0,0,0,37,7,0,0,0,0,4,0,16,1,0,0,0,0,0,0,3,3,3,0,0,12,0,0,21,0,0,3,8,1,30,5,90025,4,0,2,5,10,0,3,0,4,0,0,0,2,0,3,43,1,0,0,4,4
645,CTA,2,0,0,0,2,0,1,0,0,0,2,0,29,0,0,0,14,5,0,0,1,2,0,0,3,0,3,0,90733,4,3,4,9,0,0,0,0,2,0,5,0,0,0,0,0,0,0,5,6,0,0,0,0,0,0,0,0,0,0,0,29,0,3,0
646,CTT,0,0,0,0,0,0,0,0,0,7,0,0,0,3,1,9,0,0,0,0,0,0,4,11,0,0,0,2,10,33,1,90514,0,0,0,0,0,0,0,0,0,4,0,0,0,0,0,4,0,0,0,0,0,0,0,0,0,0,0,0,6,0,7,18
647,GAA,17,0,0,0,0,0,0,0,0,0,3,8,0,0,0,0,0,0,0,0,0,0,0,0,0,0,4,0,1,0,0,0,92926,7,31,7,3,0,4,0,37,7,0,20,1,3,5,0,2,11,0,7,6,0,0,7,0,0,0,0,2,5,0,6
648,GAA,9,0,5,3,0,0,0,2,5,0,4,4,12,19,3,0,5,0,4,2,0,0,0,0,0,2,4,0,7,3,4,5,93091,1,2,4,0,3,1,3,0,0,0,4,9,2,3,3,0,6,0,5,0,3,0,0,0,1,0,2,9,0,6,2
649,TCG,0,0,5,1,4,0,10,0,0,0,4,6,0,0,1,0,0,0,0,0,0,0,0,0,0,2,11,0,1,0,0,0,22,0,5,8,4,6,16,0,0,0,0,0,0,2,8,0,0,12,3,2,179,2,84381,14,0,0,5,0,0,4,22,1
650,CAG,0,0,5,0,0,0,0,0,0,0,0,5,0,0,0,0,32,0,88702,8,0,0,2,0,0,0,50,0,0,0,10,0,0,0,0,0,4,0,0,0,0,0,0,0,0,0,0,0,0,0,12,12,0,0,0,0,0,0,0,0,3,0,0,4
651,AAC,0,90567,0,9,2,0,3,0,0,7,0,0,0,0,0,0,0,0,0,0,0,0,0,0,0,0,0,0,0,0,0,4,0,2,0,4,0,0,0,0,0,0,0,0,0,1,0,0,0,0,0,0,0,0,0,0,0,0,0,0,0,0,1,0
652,CAG,0,0,11,0,3,2,4,0,0,1,0,0,0,1,2,7,89,0,82459,5,0,0,1,0,0,2,14,0,0,0,0,0,0,0,5,0,4,3,2,2,0,0,0,0,0,0,0,5,0,0,5,0,1,0,0,0,0,0,0,4,1,4,1,9
653,CAG,0,0,0,0,0,0,0,0,0,0,0,0,0,0,0,4,5,0,85089,3,0,0,5,0,0,0,7,5,0,0,0,0,0,0,0,0,0,0,2,0,0,0,0,0,0,0,0,0,0,0,102,0,0,0,0,0,0,0,0,0,0,0,0,0
654,GAA,17,0,0,0,0,0,0,0,0,0,0,0,0,3,0,3,0,0,0,0,0,0,0,2,0,0,0,0,0,0,0,0,84949,6,8,0,0,0,0,0,1,0,0,0,0,0,0,0,1,0,0,0,0,1,0,0,0,0,0,0,0,0,0,0
655,AAG,43,1,86755,1,0,0,2,0,79,0,89,0,0,2,14,0,0,0,2,0,0,0,0,0,0,1,0,0,0,2,5,2,0,0,3,0,1,0,4,2,0,2,0,0,1,0,3,0,0,0,1,4,0,0,0,0,0,0,0,0,0,0,0,0
656,AAT,5,3,3,85300,3,2,1,0,0,0,5,2,2,0,57,0,3,4,0,0,0,0,0,2,0,0,0,2,0,0,0,1,8,1,2,38,0,6,4,4,1,0,6,0,0,1,0,1,0,0,0,3,0,0,4,0,1,0,0,3,0,0,0,0
657,GAA,19,54,2,1,3,0,0,0,0,0,0,0,0,3,7,11,0,0,5,0,0,0,0,0,0,0,0,0,0,1,4,3,85256,0,7,4,1,0,0,0,3,0,0,0,2,0,0,0,0,1,0,6,2,0,0,0,0,0,2,0,9,3,7,3
658,CAA,5,0,70,0,0,0,0,0,0,0,0,0,0,0,5,0,85605,0,8,2,0,0,0,0,2,0,0,0,4,0,4,5,2,0,1,0,0,0,1,0,0,0,0,0,8,0,0,0,20,3,0,7,0,0,1,0,0,1,2,0,3,0,0,1
659,GAC,0,17,0,0,0,0,1,36,2,0,0,0,0,0,2,1,2,0,0,0,0,0,0,0,0,0,1,0,0,0,0,1,27,71448,5,6,0,2,2,0,0,0,1,0,3,3,4,3,0,4,0,0,0,0,0,0,0,0,0,1,0,0,0,2
660,TTA,0,0,0,0,0,2,2,0,0,0,0,0,3,0,0,0,2,0,0,0,0,0,0,0,0,0,0,0,10,0,0,2,0,0,0,0,0,0,0,0,0,0,2,0,0,3,0,0,6,0,0,0,5,0,0,0,0,0,0,0,90231,1,14,2
661,TTG,0,0,0,0,0,0,0,0,0,0,0,0,0,0,3,0,0,0,0,0,0,0,0,0,0,0,0,0,0,9,6,7,0,0,0,0,0,0,0,0,0,0,0,0,0,0,0,0,0,0,0,8,0,0,0,0,0,0,1,0,18,0,91914,0
662,GCA,0,0,0,0,97,0,0,0,4,0,0,2,0,0,0,0,7,0,2,0,1,0,0,0,0,0,0,0,0,0,0,0,6,0,0,0,91216,0,10,0,7,2,0,1,37,0,0,0,0,0,0,0,8,0,0,2,0,0,0,0,0,0,0,0
663,TTG,0,0,0,0,0,0,0,0,0,0,1,0,0,0,15,0,0,0,0,0,0,0,0,0,4,0,0,3,0,0,10,0,0,0,0,0,0,0,0,0,0,0,0,0,0,0,0,0,0,0,0,3,0,0,6,0,0,0,1,0,29,3,93046,25
664,GAT,0,13,1,36,1,6,8,1,0,7,0,4,0,0,0,0,6,0,2,0,0,0,0,0,0,0,0,0,0,0,0,0,14,9,7,91879,6,0,0,1,28,5,15,29,0,0,2,1,0,2,0,0,0,3,6,21,0,0,0,2,0,0,0,0
665,AAG,36,9,93251,5,4,3,7,1,0,11,34,4,0,0,8,0,6,5,5,0,0,0,0,0,5,0,5,0,0,0,0,0,2,0,18,0,0,1,6,1,0,0,0,6,3,0,0,0,4,0,0,0,1,0,14,2,0,5,0,0,0,0,0,0
666,TGG,0,0,0,0,3,0,0,0,0,0,0,3,0,0,0,0,0,0,0,0,0,0,0,0,0,0,8,0,0,0,0,0,3,0,0,0,0,0,0,0,0,0,0,1,0,0,3,0,0,0,7,0,0,0,1,0,26,0,89744,2,0,4,4,2
667,GCA,1,5,0,0,79,0,2,0,0,5,3,0,9,0,9,2,7,3,5,1,2,0,0,0,0,0,2,4,0,0,2,0,9,10,5,8,88174,0,5,7,2,2,4,0,130,0,0,0,0,8,0,0,11,7,0,0,0,2,0,0,0,0,5,0
668,AGT,0,2,0,24,5,0,0,0,0,12,0,94182,2,5,4,10,9,0,0,0,0,0,2,0,0,0,0,0,0,0,0,0,1,0,0,3,0,3,0,1,0,0,0,9,0,0,2,0,0,4,0,2,0,3,0,3,0,0,1,0,0,14,0,0
669,CTG,0,0,0,0,0,0,0,0,0,0,0,0,0,0,3,4,0,0,2,0,0,0,53,0,0,0,2,0,56,4,93071,11,0,0,0,0,0,0,0,0,0,0,0,0,0,0,0,0,0,0,0,0,0,0,0,0,0,0,0,0,3,0,33,0
670,TGG,0,0,0,0,0,0,0,0,0,0,2,0,0,0,0,0,0,0,0,0,0,0,0,0,0,0,20,0,0,0,0,1,0,0,0,0,3,0,0,2,0,0,0,0,0,0,0,0,0,0,9,2,0,0,0,0,10,0,93214,0,0,0,4,0
671,AAT,5,20,0,95368,8,8,2,4,0,0,5,8,0,0,4,0,0,0,0,0,0,0,0,0,5,0,0,0,0,0,3,0,2,0,0,9,0,0,0,0,1,0,0,0,3,0,4,0,0,0,0,0,0,1,5,2,0,0,0,0,0,0,0,0
672,TGG,0,0,0,0,0,0,0,0,0,0,0,0,0,0,0,0,0,0,0,0,0,0,0,0,0,1,0,0,0,0,0,0,0,0,0,0,0,0,0,0,0,0,0,0,0,0,0,0,0,0,9,0,0,0,1,0,22,1,95726,1,0,0,7,6
673,TTT,0,0,0,0,0,0,0,0,1,0,0,0,0,0,0,5,1,0,0,0,0,0,0,0,0,0,0,0,0,0,0,6,0,0,4,0,0,0,0,0,0,0,0,0,0,0,0,0,0,3,0,0,0,0,0,0,0,0,0,0,2,9,0,95656
674,GAC,3,20,0,2,0,3,5,6,0,0,0,0,0,0,0,0,0,6,1,5,0,0,0,0,0,0,2,0,0,0,0,5,11,95718,1,35,1,1,3,1,0,21,0,0,0,7,2,0,0,1,0,0,0,0,0,0,0,1,0,0,0,0,0,0
675,ATA,7,0,0,0,25,4,0,0,0,0,0,0,96202,0,1,3,0,0,0,0,3,0,0,0,0,0,0,0,6,0,0,0,0,0,0,0,0,0,0,0,0,0,0,0,5,0,0,0,0,0,0,0,0,0,0,0,0,0,0,0,2,0,2,0
676,TCA,0,0,0,0,16,0,5,2,0,6,0,0,2,0,0,0,3,0,0,0,15,0,2,0,0,0,0,0,0,0,3,13,0,0,0,0,6,0,0,0,0,0,0,0,9,18,5,8,4,0,0,0,95606,3,4,0,0,0,0,0,5,0,0,0
677,AAC,9,96330,0,21,0,0,0,4,10,5,3,0,0,0,0,0,0,0,0,0,0,0,0,0,0,0,0,0,0,0,0,4,3,4,0,0,0,0,0,0,0,0,0,0,0,3,0,4,0,1,0,0,3,0,0,0,0,1,0,0,0,0,0,0
678,TGG,0,0,0,0,0,0,0,0,0,0,0,0,0,0,0,0,0,0,0,0,0,0,0,0,0,0,2,0,0,0,0,0,0,0,0,0,0,0,0,0,0,0,0,0,0,0,0,0,0,0,17,0,0,0,0,0,25,0,96276,0,0,0,8,0
679,CTG,0,2,0,0,0,0,0,0,0,0,0,0,0,0,3,0,0,0,3,0,0,0,2,0,0,0,4,0,28,5,95583,9,0,0,0,0,0,0,0,0,0,0,0,0,0,0,0,0,0,0,0,0,0,0,0,0,0,0,0,0,5,0,45,0
680,TGG,0,0,0,0,0,0,0,0,0,0,0,0,0,0,0,0,0,0,0,0,0,0,0,0,0,0,4,0,0,0,0,0,0,0,0,0,0,0,0,0,0,0,0,0,0,0,0,0,0,0,2,0,0,0,0,0,28,0,95500,0,0,0,3,0
681,TAT,0,0,0,1,0,0,0,0,0,0,4,0,0,0,0,0,0,0,0,16,0,0,0,0,0,0,0,0,0,0,0,0,0,0,0,0,0,0,0,0,0,0,0,0,0,0,0,0,0,22,0,96437,0,0,0,0,0,0,0,5,0,0,0,0
682,ATA,4,0,0,0,6,0,0,0,0,0,0,2,96304,0,2,0,0,0,0,0,0,0,0,0,0,0,0,0,1,0,0,0,0,0,6,0,0,0,0,0,0,0,0,0,4,0,0,0,0,0,0,0,2,0,0,2,0,5,0,0,0,0,0,0
683,AAA,96299,0,0,0,0,0,0,0,0,0,0,0,2,0,0,0,7,4,0,0,0,0,0,0,13,3,2,0,0,0,0,0,0,0,0,0,0,0,0,0,0,0,0,0,0,0,0,0,0,0,0,0,0,0,0,0,0,0,0,0,0,0,0,0
684,ATA,4,0,0,0,2,0,0,0,0,0,0,5,96334,0,8,17,0,0,0,0,0,0,0,0,0,0,0,0,0,0,6,0,0,0,2,0,0,0,0,0,0,0,0,1,3,0,0,0,0,0,0,0,3,0,0,12,0,0,0,0,8,0,0,0
685,TTT,0,0,0,0,0,0,0,0,0,0,0,0,0,0,0,0,0,0,0,0,0,0,0,0,0,0,0,0,0,0,0,1,0,0,0,0,0,0,0,0,0,0,0,0,0,0,0,0,0,0,0,2,0,0,2,19,0,6,9,0,3,10,0,96403
686,ATA,8,0,0,0,4,0,0,0,0,0,0,2,96314,6,7,2,4,0,0,0,0,0,0,0,0,0,0,0,0,0,5,0,0,0,0,0,0,0,0,0,0,0,2,0,9,0,4,0,3,0,0,0,0,0,0,0,0,0,2,0,1,0,0,0
687,ATG,0,0,3,1,0,1,1,0,3,0,0,0,30,5,96366,12,0,0,0,0,0,0,0,0,0,0,0,0,0,0,7,0,0,0,0,0,0,0,0,0,0,0,0,0,0,0,13,0,0,0,0,0,0,0,0,0,0,0,0,0,0,0,4,0
688,ATA,0,0,0,0,2,1,3,0,0,0,0,0,96154,2,58,5,0,0,0,0,0,0,0,0,0,0,0,0,0,1,0,13,0,0,0,0,0,0,0,4,0,1,2,0,3,0,2,0,0,0,0,5,0,0,0,0,0,3,0,2,0,3,2,4
689,GTA,0,0,0,0,0,0,3,0,0,0,0,2,36,0,0,0,0,0,0,0,0,0,0,0,0,0,0,0,0,0,0,0,4,0,0,0,9,0,0,0,0,0,0,0,96313,4,43,7,0,0,0,0,0,4,0,0,0,0,0,0,6,0,0,1
690,GGA,0,0,0,0,0,0,0,0,9,2,0,0,0,0,0,0,0,0,0,0,0,0,7,0,0,0,0,0,0,4,0,0,33,0,0,0,6,3,0,0,96272,0,35,4,0,0,0,0,0,0,0,0,0,4,2,6,4,0,0,0,0,0,0,0
691,GGC,0,0,0,0,0,0,0,5,0,8,0,0,2,3,0,0,0,0,0,1,0,0,5,0,0,1,0,0,0,0,0,0,0,31,0,0,0,0,8,13,14,96121,3,26,0,11,0,0,0,0,0,0,6,0,0,5,0,8,7,3,0,0,0,0
692,TTA,7,0,0,0,3,3,5,0,0,9,0,2,12,0,0,0,0,0,0,0,0,0,0,0,0,0,0,0,18,0,0,0,1,0,3,0,6,0,0,0,0,5,0,2,4,5,0,0,5,3,0,5,22,3,4,0,0,5,2,2,96058,7,3,10
693,ATA,1,1,0,0,6,2,0,6,0,0,0,12,96241,2,40,10,2,0,0,2,0,0,0,0,0,0,0,0,3,2,6,0,0,0,0,0,0,7,3,0,3,0,0,0,3,5,0,5,0,3,0,4,0,9,4,2,0,0,6,0,14,4,6,5
694,GGA,0,0,0,0,2,0,0,5,8,0,0,3,0,0,0,0,0,0,0,0,0,6,0,0,0,0,0,0,0,0,1,1,16,0,0,0,0,2,0,5,96311,2,1,2,5,2,0,0,0,0,0,0,0,2,3,0,13,7,0,0,2,0,0,4
695,TTA,0,3,0,1,2,2,0,3,2,3,0,5,8,13,0,0,3,0,3,0,0,2,2,0,0,0,0,0,14,5,3,0,0,0,0,0,0,0,8,0,11,12,10,0,0,1,0,11,3,5,0,3,33,2,0,2,0,5,3,2,96194,14,10,0
696,AGA,42,0,7,2,8,0,8,0,96261,0,6,2,5,0,0,2,4,4,0,6,0,0,3,2,2,5,2,1,0,0,0,3,0,0,0,4,1,0,0,0,2,5,0,0,0,0,0,0,0,0,0,9,3,6,0,4,0,7,0,0,0,4,0,0
697,ATA,0,2,0,0,9,0,0,5,0,1,0,4,96389,9,15,0,0,0,0,0,0,0,0,0,0,0,0,0,4,0,8,0,0,0,0,0,6,0,0,0,12,0,8,5,1,3,8,0,0,0,0,0,2,0,0,2,0,5,1,0,5,0,2,0
698,GTT,0,0,0,0,10,0,12,7,0,0,0,3,1,4,8,25,0,0,0,0,4,0,0,0,0,0,0,5,0,0,1,4,0,0,0,0,3,12,0,11,4,4,3,0,5,14,1,96306,0,0,0,2,0,8,4,6,0,1,0,0,0,23,0,8
699,TTT,4,4,0,0,2,0,3,6,4,0,7,0,2,0,0,5,0,0,0,8,0,0,0,0,0,2,0,0,0,0,7,4,0,0,0,0,0,3,0,0,3,1,4,4,0,0,4,0,0,3,0,3,7,6,2,10,0,0,0,2,5,3,24,96373
700,GCT,0,0,0,0,0,0,0,32,0,0,0,0,0,0,0,4,5,0,0,0,0,0,3,0,0,0,0,0,0,2,2,2,5,2,1,7,8,26,3,96048,0,0,2,2,8,0,0,150,0,0,0,0,0,4,1,14,0,7,2,0,0,0,0,0
701,GTG,0,0,0,0,1,5,0,7,0,0,0,0,0,0,46,4,0,0,0,0,0,0,0,0,0,0,0,0,0,0,1,0,0,0,0,0,8,4,5,0,0,4,4,1,85,0,96151,12,0,0,0,0,0,0,0,0,0,1,0,2,2,0,25,3
702,CTT,2,0,0,0,6,0,0,8,0,2,2,0,0,4,0,22,4,0,7,0,2,5,5,7,0,0,3,0,12,9,2,96316,0,0,0,0,0,0,0,2,0,0,0,2,6,6,0,2,0,0,0,7,0,10,0,0,0,0,2,5,0,0,0,56
