site,abs_diffsel,positive_diffsel,negative_diffsel,max_diffsel,min_diffsel
613,34.074586265475105,0.7557518168514404,-33.31883444862366,0.7557518168514404,-2.6175268788637056
514,33.616846737884465,33.56143326524913,-0.05541347263534239,2.6055269387169684,-0.05541347263534239
512,31.761364825071958,31.534471634749178,-0.22689319032277783,3.3134569223556576,-0.22689319032277783
513,24.789609522394006,24.789609522394006,0.0,3.0853250809504758,0.0
515,24.37422389765009,24.12364046989456,-0.2505834277555248,2.9316824418609664,-0.2505834277555248
625,24.000843577433276,0.0,-24.000843577433276,0.0,-2.9180904298603583
611,23.1467654215131,0.070222890284025,-23.07654253122907,0.070222890284025,-3.0733395217502677
516,22.08184567578671,20.559711622598694,-1.5221340531880185,2.9918444827613206,-1.1341701462175728
88,21.716210617092354,4.790679307043543,-16.92553131004881,1.4501154281243402,-3.0513061484873223
436,20.832735946682426,6.683325037407745,-14.149410909274685,2.0591964609774918,-2.7548615414153357
327,20.32573178508955,18.319543454749528,-2.0061883303400174,2.494915546066525,-1.2612653030011898
77,19.840175157745062,1.5341399772736677,-18.306035180471394,1.0045663598753383,-2.318191485184059
621,19.669128286704748,0.7051740140589873,-18.963954272645758,0.7051740140589873,-3.038595073011594
34,18.848043830547454,1.9668145316093968,-16.88122929893806,1.1226397942681228,-2.875337480336191
432,18.27572244018708,2.6837741068131975,-15.591948333373887,1.36409421142952,-1.9600070271667225
119,18.22756789437385,1.7190403453404464,-16.508527549033403,0.7105620883469381,-3.245528522524173
113,17.91670799589253,0.45008335935533567,-17.466624636537194,0.34303400477853496,-2.711209650819634
321,17.815299094211333,11.44760973751188,-6.3676893566994535,1.9917749269042664,-2.262323097213515
362,17.743435957536487,6.44959071105551,-11.293845246480977,1.4382449619544233,-1.678477276089815
81,17.724105178995654,0.1436300240506987,-17.580475154944953,0.10657304122485739,-2.4871285187507173
32,17.61123199118261,2.838872898386966,-14.772359092795645,1.0935388937820523,-2.5427739391804955
348,17.52546645734338,11.307903431978916,-6.217563025364459,2.8391485009947846,-2.262430228767726
624,17.518468705371724,0.43486140944495527,-17.083607295926765,0.39169281523199584,-3.1494764837294364
293,17.357195122894108,5.625772325688284,-11.731422797205822,1.4016321793545388,-1.6727743250221776
72,17.200683303633404,10.56138640613836,-6.639296897495044,1.7416196800749608,-1.5700134120765847
112,17.059866802343958,3.5313835561902045,-13.528483246153751,1.7648983329368164,-2.459550349460955
524,17.018640898221445,15.553845327053322,-1.4647955711681238,2.0159163049958595,-0.7673172810997286
82,17.01072719071894,6.819314768388903,-10.191412422330039,1.0144230030896988,-2.3095608879534613
90,16.938327916001167,0.16336742326954068,-16.774960492731626,0.14085252572603513,-2.0279622272559217
388,16.7768720038182,2.1966314672428284,-14.580240536575372,1.1089091050911843,-2.322404523935186
323,16.603675221906304,10.056191524357624,-6.5474836975486825,1.7800320403890562,-1.8752380493460707
339,16.442210148705442,6.407227361377769,-10.034982787327671,1.6693334630186132,-2.137221156435431
575,16.40526769607126,1.808916513734226,-14.596351182337033,0.6299614899220103,-2.2646818516961105
440,16.086638085374428,5.970921918715584,-10.115716166658844,1.6802731734667897,-2.3223305113937283
318,16.07107241152059,5.502763870406944,-10.56830854111365,1.5170588849080449,-1.883645099099519
56,16.069143463977383,0.7821158917978606,-15.287027572179525,0.5930043103065173,-2.2234523212286117
417,15.925151668795372,8.599238029835071,-7.325913638960299,1.9256837470371164,-1.2353898344665195
69,15.768642365936492,5.859451725784795,-9.909190640151696,1.073874592819598,-1.9912878303076451
51,15.745065285926218,1.416571634969967,-14.32849365095625,0.5477670869882612,-1.966891943677603
448,15.677076998722615,2.7067628987734165,-12.9703140999492,1.5735977279861701,-2.518495541276128
337,15.649970604443643,8.438227075496165,-7.211743528947479,1.74163877290385,-1.3779670164082969
369,15.59934560961174,6.70059641609139,-8.898749193520354,2.1602086287429345,-1.6840894319671371
85,15.580492639728773,10.775792263594564,-4.8047003761342095,2.214122570184351,-1.4217139471216274
343,15.524831070738141,8.882220875801641,-6.6426101949365,1.7471067577620834,-2.070113783054735
363,15.465982347276434,4.182726361565943,-11.283255985710491,1.9451604941896183,-1.7659217319747547
87,15.462432643306276,4.0658411756787585,-11.396591467627518,1.6821582820873013,-2.8060637079761324
431,15.448480781910712,4.730360816800991,-10.71811996510972,2.087256458776263,-2.9275088418142468
75,15.404893930783262,2.268914502890416,-13.135979427892847,1.3373740947428996,-2.2948694425440705
334,15.334429760913963,10.366876102513451,-4.967553658400511,2.535678748653786,-1.136710808475132
485,15.312932732502206,6.059345342251494,-9.253587390250713,1.5053320042760348,-1.3783425409322048
78,15.303560057037998,2.4281906079828506,-12.87536944905515,0.9734355708405307,-2.300835356916309
306,15.218759022492076,5.442006905483749,-9.776752117008328,1.4767347580903802,-1.5780914671154203
130,15.139980064475681,12.390382153391114,-2.749597911084567,1.8724410808594383,-1.3765977146392883
47,15.136850065680195,7.1302399798466185,-8.006610085833575,2.056191349838313,-1.243750220632059
300,15.13619966726631,6.521400054064422,-8.614799613201887,2.3220978934833387,-2.524467914503834
389,15.133864611799513,5.882967425626799,-9.250897186172715,1.3558963789621163,-2.1035352396751805
396,15.092058279314092,5.306700088144494,-9.785358191169598,1.2309297279570672,-2.103126043752936
106,14.979492787464359,8.1916847569976,-6.78780803046676,1.4737010871768044,-1.6094888415188031
360,14.915711673729467,3.5875622178653686,-11.328149455864098,2.1524084060621047,-1.738925055077249
136,14.864615188725084,6.442411211918362,-8.42220397680672,2.1535534661285305,-2.0704446338006894
399,14.811089820164085,5.601835225437005,-9.20925459472708,1.4150116789750622,-2.6320596274732884
320,14.779734364427023,4.145619712140966,-10.634114652286057,1.184436765864312,-2.1996409687154435
392,14.677009145657674,3.0751007866632403,-11.601908358994434,0.9100788448884589,-1.9264897578351454
461,14.657448365693202,4.661938853440801,-9.9955095122524,1.1216129376018347,-1.7712671238940292
600,14.605069698363808,6.409543897833801,-8.195525800530008,1.811099833630498,-1.7887958429771296
124,14.526571751939583,4.052416004056069,-10.474155747883515,1.2626086823848168,-1.4474483391168795
232,14.480463051010691,8.48119681809973,-5.9992662329109585,1.7711604232202707,-1.7596237839209026
398,14.455464677374362,7.28180923060023,-7.173655446774132,1.3135590726953608,-1.8479079633022735
62,14.370521483382378,6.666906254452151,-7.703615228930227,2.248787709785415,-2.4886843360839683
184c,14.299658902892519,7.435333768574117,-6.864325134318403,1.9681861024570109,-1.765526746144825
492,14.253930074940373,1.4499520233644558,-12.803978051575916,1.0258267697982106,-1.9575359219101727
102,14.21806108578801,5.669411541119031,-8.548649544668978,1.9562782522787554,-1.4165889614021725
406,14.18612633870038,1.9550758935851649,-12.231050445115216,1.1525294755116546,-2.4342331292458868
394,14.149605935612492,1.4612273418768693,-12.68837859373562,0.4019937940619771,-1.678966870912834
268,14.107570703336672,3.2409719463823596,-10.866598756954312,0.8475674434482583,-2.3705885845351333
290,14.099839877172988,6.04555296159182,-8.054286915581168,2.0013234260934496,-1.480710975969317
84,14.031304862379608,1.7634216358520367,-12.267883226527571,1.0995741190084352,-1.9637765716364461
31,13.985106391038908,4.2094388946122105,-9.775667496426697,1.6773469760987305,-1.9025279941014344
267,13.872358235661874,8.519481746344702,-5.352876489317169,1.9206221091527897,-1.19637157651978
589,13.866815250678087,0.46266102221675376,-13.404154228461334,0.2549497240079645,-1.7424765620149014
324,13.849912439434704,9.459935945316975,-4.389976494117729,1.9088372528813797,-2.069759420445129
308,13.816640037303038,6.124532642664948,-7.692107394638088,1.7853079018755258,-1.6115559675180924
305,13.815397308008427,8.127665187660487,-5.68773212034794,2.031316396990603,-1.7800659121975668
58,13.764143145255822,3.2082006474395945,-10.555942497816227,0.9473653429399101,-2.5761833759219064
634,13.707318560708467,1.5217657041012804,-12.185552856607185,1.1288429705969503,-2.0587321787427797
118,13.695656928626779,2.863426947206025,-10.832229981420754,0.7714895270214697,-1.9265731347673085
234,13.692780269689374,4.466676141920682,-9.226104127768693,1.0043969691050383,-2.5298802310734843
410,13.688918330110946,8.50608027560013,-5.182838054510816,1.643636551621787,-1.4656999080882318
502,13.638109906073149,1.8597026457464514,-11.778407260326697,0.8487173701016013,-2.080743446888088
301,13.613044185322677,9.189547374711672,-4.423496810611006,1.7396893210145854,-1.2544976840310331
326,13.600175041498632,11.409931176479246,-2.190243865019384,1.9174792541410717,-1.3765640614557872
657,13.544125133104846,1.5960046064226066,-11.948120526682239,0.9097852777115938,-2.350020208185566
508,13.518902405692865,5.025872176554563,-8.493030229138302,2.123375211192167,-1.485516770538222
207,13.47539424708987,1.6733158834921416,-11.80207836359773,1.0543711730923184,-1.7678889265287538
649,13.468346941341299,3.7181002795689855,-9.750246661772312,1.0888238283775753,-1.5375225064826694
83,13.41042641615327,4.504184867783033,-8.906241548370236,1.6201232490648894,-2.032132382981463
355,13.404545962384306,6.530018482787073,-6.8745274795972335,1.7582428795201615,-1.8091322250846096
317a,13.403058625415557,9.9920613580977,-3.410997267317856,1.6343164979047005,-0.9948282278307914
465,13.380645660718205,3.2577561811210596,-10.122889479597145,1.552696333628572,-1.48607706540246
280,13.245558452305644,7.820245237363482,-5.425313214942162,2.0042403365064443,-1.4697833350748226
373,13.202287504515226,5.39122165182855,-7.811065852686676,1.371205621385551,-2.000462012418139
351,13.200183666247307,3.2742809578288643,-9.925902708418443,0.990090341115172,-1.6651428219624467
120,13.150944947301047,5.78888291109614,-7.362062036204908,2.1376002796767626,-2.058804821886772
109,13.110536483888982,4.8532799125091035,-8.257256571379877,1.187349731794629,-1.964672988580197
44,13.080745475681015,1.262567703511601,-11.818177772169413,1.262567703511601,-2.199961326305879
639,13.072123659038592,2.0724219085176214,-10.999701750520972,0.7378801169278066,-2.2643198586712163
581,13.021760723548216,2.766567309690661,-10.255193413857555,0.9323938548482537,-2.676798937468252
230,13.004062637121644,3.995981924009527,-9.008080713112115,1.1660327764109535,-1.4337230084217538
347,12.970882037823468,5.186405301297773,-7.784476736525697,1.2096401408926034,-2.0704106740891284
223,12.906551805402858,5.353635069038798,-7.5529167363640575,0.9203868041675997,-2.4853286175018448
89,12.90633949837852,8.660956473797173,-4.245383024581346,1.6983768614235208,-1.6851653434574514
645,12.88062060592499,0.030307351650180035,-12.850313254274809,0.028664538748318303,-2.1753522222541704
110,12.878697879259631,0.758173074310763,-12.120524804948866,0.3475700596509911,-1.8147205852499806
117,12.861891000246539,7.911746184123572,-4.950144816122966,1.7591140839259172,-1.6876687049236798
354,12.842202609984534,7.235672031206208,-5.606530578778326,1.4770681823077307,-1.764995236717751
111,12.811103024324423,0.33377469588947756,-12.477328328434945,0.2826877507975534,-2.029111400841572
609,12.8058020017526,5.093050256450141,-7.712751745302457,1.2077787387739438,-1.4569700475168537
341,12.801781319366674,3.0745327314477224,-9.727248587918952,1.1852634714973107,-2.585425690489265
379,12.7878083433985,3.0619104374559463,-9.725897905942553,1.8396931519337998,-1.8965673227170259
71,12.783607207391954,3.723497727607152,-9.060109479784803,1.584747117224779,-1.6769185108962845
123,12.757898500782158,3.712272750051499,-9.045625750730657,1.3566357299271,-1.5282729557102068
304,12.73185304400442,8.919332098205363,-3.812520945799056,2.699534652421357,-1.2217165855013192
430,12.720905533969294,1.228589919408952,-11.492315614560342,0.7232628777161807,-1.5866552453217067
317,12.641960880224874,9.866045363765787,-2.7759155164590865,1.7661372711226717,-1.6728488359746856
344,12.614341980404344,4.3966983117197325,-8.21764366868461,1.4078851257157323,-1.9260100009042094
386,12.586329895144152,2.836720251981012,-9.74960964316314,0.8741832355096153,-1.4856228586043199
138,12.573017017367787,9.551078172126989,-3.0219388452407996,1.6974297872340716,-0.9031378487587266
352,12.552438475944529,6.349623313742268,-6.202815162202258,1.5766369084201122,-1.3781843876704387
696,12.539947508617459,2.7430046873631877,-9.796942821254271,0.8581111888273126,-1.4474993957607742
412,12.53035356727278,2.178857200909411,-10.351496366363369,0.6691364876733302,-2.849049070327477
297,12.522169254858685,4.258796428869232,-8.263372825989453,1.3784646965416272,-1.3735978196666974
372,12.515275933779705,3.6031255663428707,-8.912150367436833,1.2565882639083412,-1.6781659624377026
97,12.47596358381887,5.313566788653601,-7.16239679516527,1.2424262086623825,-1.9223851443902737
274,12.446568085842658,4.586927599786551,-7.859640486056106,1.4851796593587834,-1.8128171138435192
121,12.42027793455699,6.005287070863418,-6.414990863693574,1.7405991947549921,-1.6425832357529946
92,12.42000855023441,4.626338197900226,-7.793670352334188,1.3191591723834124,-1.608667018750298
240,12.404536100879717,5.024456080631673,-7.3800800202480445,1.4333104774369614,-1.4807600171269941
295,12.387352284376787,5.244754652652056,-7.142597631724728,1.1549214149591902,-1.5032337535018547
188,12.378030873028058,4.071581819153672,-8.306449053874385,1.5900501703560446,-1.7658722096911774
57,12.375636756707916,4.246239412570525,-8.129397344137391,1.6225281537968546,-1.713788771765803
67,12.372753654446054,2.0471365220270306,-10.325617132419024,1.060355766188407,-1.4393515597754905
405,12.332376904243551,7.253567937391306,-5.078808966852245,1.8644254621870928,-1.122072049165673
115,12.291301080896844,3.7939697454981713,-8.497331335398671,1.569315093540968,-1.835057646057147
224,12.255698786815254,1.9417616942948017,-10.313937092520453,1.1720599448449704,-1.9951823961046469
214,12.248765924639804,7.092120332420835,-5.1566455922189665,1.32080253053203,-1.1775225761647095
328,12.24108263404094,4.543639275756942,-7.697443358284,1.0642176153615595,-1.9997712510127406
644,12.215910389487206,5.359598008538242,-6.856312380948967,1.474406559780125,-1.3244948287151745
168,12.21251035173005,7.024895983543992,-5.187614368186056,2.3581673258960625,-1.1374780390012316
429,12.182615517352712,2.165253461468484,-10.01736205588423,0.8101125153856487,-1.678913074148019
160,12.176313100941378,7.120717229426415,-5.0555958715149645,1.9637793163209838,-1.1370773419430409
358,12.176170317143052,5.53455705499561,-6.641613262147443,0.9934238315783654,-1.38359957363022
302,12.141973985429715,4.807219313710293,-7.33475467171942,1.7955183236390848,-1.9165381176417324
356,12.124149116021634,4.347192463658211,-7.776956652363425,1.1852732456664483,-1.4854360495586583
241,12.108249490025964,4.25610803934637,-7.852141450679592,2.1989347545984237,-1.6725023081425476
335,12.083693789343986,5.88908485302388,-6.194608936320105,1.9080161098524875,-1.7892025742207889
383,12.065625068092922,7.94166487875261,-4.123960189340312,1.8003081227812667,-1.5843669670538325
105,12.060294571287931,3.3155014824194993,-8.744793088868434,1.0690324534329645,-1.4888709066964032
415,12.038915538930702,4.226770308751519,-7.812145230179185,1.0178578719553495,-1.584940145822962
114,12.036089643405173,3.1421871006540787,-8.893902542751094,1.1405168509338814,-1.9022639112271627
243,11.9982464090556,7.158350388989751,-4.839896020065849,1.4163231851710285,-1.258635288060499
637,11.968776353599097,1.489482881554769,-10.47929347204433,0.6755937446943486,-2.000832658771695
244,11.94818486420763,2.771057444377494,-9.177127419830136,1.3528894685785753,-1.9942721052118428
632,11.924268244318894,1.0724183556890596,-10.851849888629834,0.9103366562993145,-1.1681559557490593
441,11.880510476218785,8.220770793510752,-3.6597396827080324,1.0757106137034855,-0.8474220387815354
141,11.877951136195719,6.971967518552295,-4.905983617643422,1.3451303805297548,-2.4005001131793993
229,11.867193330340617,5.007121888837628,-6.86007144150299,0.9168860893085464,-1.7744123183608607
350,11.858597847205635,5.122501936912285,-6.736095910293351,1.4499017866746224,-1.5848464217944
184f,11.782384446169548,7.402886655806288,-4.37949779036326,1.4872377713258051,-1.128000108410847
275,11.777884406418785,7.377319801959669,-4.400564604459119,1.5852832216899564,-1.4783786111348205
287,11.769346405451152,7.230970567086701,-4.538375838364453,1.528388237979356,-0.990716612047274
178,11.726269935776624,9.00924214983928,-2.7170277859373457,1.5903781522199243,-0.8309897534969928
61,11.723259012252777,2.230196018983365,-9.493062993269413,0.9744359839142547,-1.7637862149239705
246,11.720651812054289,5.384760924852245,-6.335890887202046,1.2630176032824987,-1.3654537000679055
231,11.68294067011917,2.8758688710353564,-8.807071799083813,0.7411515706339162,-2.7170222962631696
200,11.680100988804943,5.7206058003577605,-5.959495188447181,1.5905827551183742,-1.2630536154019658
190,11.668217532367215,6.248651460638878,-5.419566071728337,1.2112968891508815,-0.9330376896824172
319,11.655948261782541,3.5158915228197873,-8.14005673896275,1.238075888264091,-1.8434606291521778
184,11.59785262065634,7.9121625808310725,-3.6856900398252654,1.6488745360001866,-1.1370730279670835
402,11.581687811176717,2.6760274852597243,-8.905660325916994,0.9639879245531903,-1.926401368664248
68,11.579944713872543,4.703710796944447,-6.876233916928094,1.2629629361197867,-1.3419386663108759
273,11.573219289004324,3.594316656414316,-7.978902632590009,1.517548689942138,-1.4785693329821403
260,11.572178660993432,8.099134960354824,-3.473043700638606,2.1746553574449243,-1.1468853970214794
409,11.570154029266009,4.569198515217479,-7.00095551404853,1.136962112969687,-1.522158665050323
170,11.563859680558142,8.550272770692763,-3.01358690986538,1.4649071124387671,-1.0193832870158333
480,11.502522803832818,3.735861058960072,-7.766661744872747,1.6028963312788203,-1.2631057270261543
316,11.477252160689966,4.222400127344867,-7.2548520333451005,1.3513310372725258,-1.673689468380972
585,11.476613540310055,4.806829738103959,-6.669783802206097,1.044009981356362,-1.1045926639237078
50,11.473294403354226,3.2692005084819824,-8.204093894872244,1.03510545370099,-1.5982741113053682
322,11.450289721974643,7.291855185287027,-4.1584345366876185,1.6435964713433922,-1.1233933132410434
500,11.448465585993533,0.11370955451638706,-11.334756031477147,0.11370955451638706,-1.4860722053112458
162,11.43056559499436,5.15319054662693,-6.277375048367431,1.8715062060260854,-1.5849448952275016
208,11.412232869331245,5.475960692828254,-5.936272176502992,0.9425991451937321,-1.3788580513307402
252,11.392992363626076,4.547812075566145,-6.845180288059929,1.7577205072261057,-1.2585220693320953
152,11.363756750287413,4.193538652416222,-7.170218097871191,1.1794389173208972,-1.5846083824812993
421,11.358683523353609,4.526950652125585,-6.831732871228024,1.2952764667310304,-1.4855582047222633
464,11.350150881486357,3.224238672046687,-8.12591220943967,0.8245427306734605,-1.678019551511125
517,11.339167937597015,10.240798632920036,-1.0983693046769782,2.055040712176279,-0.8365111170216508
184h,11.337701776801165,5.969478014541824,-5.368223762259339,1.5402494395892345,-1.6773273291466837
70,11.337126479255877,0.727898561574932,-10.609227917680945,0.6322489014204947,-1.9665311382020816
285,11.333448680264532,4.837020950140648,-6.496427730123883,1.6836078170823439,-1.1145940677549977
695,11.320510495420669,3.880781601054525,-7.4397288943661435,1.155621152949395,-1.5620487264169185
419,11.313250231846837,7.098250449744907,-4.214999782101928,2.531227309383421,-1.1371240301559915
151,11.30783294502394,6.783919294773685,-4.523913650250255,1.6504272020747863,-0.9991700617611567
35,11.304301124336861,7.642991907527015,-3.661309216809848,1.5013562849156572,-1.1731387620154392
667,11.302749215331861,2.6959952166570296,-8.60675399867483,0.798055981837746,-1.8775555034160756
315,11.300317643092589,4.585716570544329,-6.714601072548256,1.0804699138902158,-1.42558315707086
633,11.248577185724727,0.48793838976655457,-10.760638795958172,0.33337659713100154,-1.9276797686960452
605,11.231038139772888,1.7615988661881024,-9.469439273584786,1.0731718619092,-1.4861859232828618
439,11.229089026708202,5.013015136357336,-6.216073890350867,1.317970594351916,-0.8479185761566621
103,11.216735621115166,3.4634731832350663,-7.7532624378801,0.9732876314010468,-1.7631520746308418
133,11.215305653072898,5.166757640983838,-6.04854801208906,1.2317463027470041,-1.434207197357257
40,11.210886116999204,6.864219266521961,-4.346666850477241,2.4855907921452167,-1.812421122527899
238,11.204679337702624,4.355811047490721,-6.848868290211902,1.7380742139296501,-1.4810257335651555
307,11.168812050418131,5.828834041879865,-5.339978008538268,1.4427651522239893,-1.9943569986489176
612,11.160510216454812,0.5784539261525893,-10.582056290302223,0.2518629163103093,-2.4968940174876626
444,11.158518576462782,3.93205006908621,-7.226468507376573,0.9309602917375446,-1.7657129059710044
155,11.142650210499069,3.971917653687669,-7.1707325568114,1.1670900836739795,-1.6781859508081816
286,11.094395151184042,3.9647081399603783,-7.129687011223663,1.586532714654191,-1.4788784325658717
185,11.087133254057772,4.167700500511953,-6.919432753545821,1.150532392693433,-1.7655689790055453
435,11.074159464177871,6.6264426074749245,-4.447716856702946,1.651058458151144,-1.009542327718983
466,11.028473697423394,3.3357952487751508,-7.692678448648243,1.5173624716731218,-1.3789155836179043
460,11.01676270028523,3.6664908570751558,-7.350271843210074,1.2896221156625178,-1.4594287543778068
166,11.008714853815803,3.995073087173092,-7.0136417666427135,0.9888894681893817,-1.377867322631789
481,11.000043295451643,2.5102886763579724,-8.489754619093672,0.9484090347012967,-2.137977200028267
504,10.997981004131082,2.706409288095697,-8.291571716035389,0.9314201770575796,-1.5598739836142803
265,10.971877063235533,5.700893527272033,-5.2709835359635,1.6781224333775147,-1.3720490033977784
46,10.970676630073964,3.2144726874765097,-7.756203942597456,1.3404972127370463,-1.24446528798411
626,10.963502650292579,0.891419615004556,-10.07208303528802,0.63858083395226,-1.7291131942848403
403,10.945533158246079,2.587856445785352,-8.357676712460727,0.7163805426329837,-2.2832974090932177
425,10.925921110194285,4.767816042580442,-6.1581050676138425,1.6473718398253292,-1.0001196101980265
94,10.923134489160185,5.410616160151243,-5.512518329008943,1.0950308126122164,-1.177102730816251
309,10.92069248227898,2.6677827807769314,-8.252909701502048,1.584731100454746,-2.235230334085045
236,10.86439171021853,7.346378987562674,-3.5180127226558557,1.7039011100039874,-0.9946000888523269
206,10.836167889951168,6.191480339771305,-4.644687550179864,1.226700600210395,-1.1372394495553366
86,10.813487170225422,3.1671277719920194,-7.646359398233402,1.5704580944824218,-2.168379651973264
48,10.805894248870787,2.1622232939517607,-8.643670954919028,1.563800622368408,-1.5264386566523918
39,10.803567790349872,2.7096875691669293,-8.093880221182943,1.100647273159694,-2.261585804018847
253,10.800826812999679,3.1788758879717958,-7.621950925027884,2.378274199811353,-1.9947208559798297
479,10.794713466838575,3.310796308517226,-7.483917158321348,1.0248403275332152,-2.0807329525737748
407,10.77712568239793,5.806556005387803,-4.970569677010128,1.7740361192110627,-1.0292671347007303
546,10.768028721224209,1.916313459562696,-8.851715261661512,0.8530732941056292,-1.3697909055045099
142,10.76265723460675,6.00380174608769,-4.758855488519062,1.5102155461105298,-1.138484492824334
699,10.753013760485526,2.766055126886223,-7.986958633599302,0.7415478925941243,-1.1378889806089063
279,10.751152890603354,0.9957985454425851,-9.755354345160768,0.4849463057328026,-1.568578247985939
656,10.724688599729916,3.980996957028669,-6.743691642701248,1.1313703110196345,-1.4756623867212182
376,10.704698409520857,7.560897746510081,-3.1438006630107744,1.5775874738187807,-1.1372000403997076
108,10.699983183424665,3.724826002072951,-6.9751571813517135,1.2781501517220393,-1.5272766536228497
276,10.679630222831785,5.824309866467156,-4.855320356364627,1.168998109107314,-1.5790572434174277
638,10.6755074065804,1.243265347231939,-9.43224205934846,0.9654125054800266,-1.58589692709839
647,10.663301133150101,5.79106365772724,-4.872237475422863,1.2458779315458814,-1.2855836445454416
618,10.650146612481327,2.697241316104774,-7.952905296376555,0.6858281652289394,-1.4021454463023069
463,10.64586919196605,3.914176891847643,-6.731692300118407,0.9229066448776735,-1.848183610781478
299,10.640770024523121,6.387859945965939,-4.252910078557183,2.7146737846942077,-0.9995751789732537
126,10.63746612381998,4.785983250205533,-5.851482873614449,1.1375097271736334,-1.3901558912792167
393,10.614017152057562,7.344501336705939,-3.269515815351623,1.6350098259387837,-1.1025150068834573
484,10.59889565518124,4.021641308022752,-6.577254347158486,1.061405583466359,-2.7162328195813825
630,10.590479135075206,2.656245846855431,-7.934233288219777,0.8546901901414216,-1.710685217610592
325,10.545442920878727,1.8210519045167477,-8.724391016361983,0.7260104340032715,-2.054237780778415
437,10.516305296207118,5.95537934221144,-4.560925953995679,1.7320539374848016,-0.9996359481082285
154,10.515436319421594,2.741216148551776,-7.77422017086982,1.055559902084432,-2.1063231926600676
135,10.511977211412184,0.28672526692129896,-10.225251944490882,0.1450978200605078,-1.5860226958419499
395,10.507597197257478,5.811091629364081,-4.696505567893398,1.7542509103463868,-2.2630035059247593
186,10.477041642778474,5.992040988236887,-4.4850006545415875,1.3439723452759962,-0.935620981606946
601,10.47481027393973,1.4660885638646097,-9.008721710075122,0.9277401081447658,-1.585489894208856
561,10.466810797572203,4.9790687507317495,-5.487742046840455,1.7114215661542747,-1.7990594740932424
184b,10.45579022232117,4.368786012345616,-6.087004209975555,0.7778957298769589,-1.1464809794887252
169,10.44935468787466,4.038653278757179,-6.410701409117479,1.007366863945112,-0.8481171457946395
665,10.444469635707398,1.6589054343965304,-8.785564201310867,0.5936169257677946,-1.7667965314234029
404,10.442560045780489,1.037021516047874,-9.405538529732613,0.37019205440314046,-2.5368735314754685
381,10.433563825639984,4.56106602834377,-5.872497797296216,1.7671428629784,-1.999946400193822
271,10.416595689152283,2.860233288407261,-7.556362400745021,1.0418683631852665,-1.7596738042640545
197,10.390846533522279,5.147285429654923,-5.2435611038673535,1.5720168766554354,-1.1367096501967913
99,10.389331028364612,2.0859132310702138,-8.303417797294399,0.469029873658747,-2.20045927993928
76,10.377155738337857,2.03451692087214,-8.342638817465717,1.3408210207483462,-2.0416047735194667
153,10.35934182338814,6.303186107108167,-4.05615571627997,1.4308363417059606,-1.1370787793426147
475,10.330086215286908,2.1439209522554257,-8.186165263031484,1.4128093473726222,-1.1773899894467037
263,10.32816528964316,6.470531810462177,-3.8576334791809854,1.0066409343503842,-0.8442369266310661
438,10.32053958741473,4.882191818078821,-5.43834776933591,1.5230334553143319,-1.262843994564138
211,10.309953500992433,4.171358155609541,-6.13859534538289,0.9393060592516802,-2.242774289561661
548,10.305331095567697,0.6608648379431716,-9.644466257624526,0.6608648379431716,-1.3791998389532474
413,10.301343642837736,1.7689232978103635,-8.532420345027372,0.8659678718752621,-1.7663681577290162
620,10.26666932478109,0.5175700861487023,-9.749099238632386,0.39089720871146627,-1.3159669505920524
478,10.260096422978426,2.6621027589956228,-7.597993663982803,0.5317906584887913,-1.6159878350779646
564,10.250739744783141,2.6664445581954412,-7.584295186587697,0.8718064275498387,-1.606951202809256
447,10.236153922955463,1.6937452157617425,-8.542408707193719,1.0761385228717792,-2.186827613566498
227,10.213397721146366,1.5800665172446484,-8.633331203901717,0.3775614150082512,-1.3170706331156696
65,10.213339560017193,2.7864456137223157,-7.426893946294877,1.122276860252572,-1.438708147878473
255,10.211613555978799,2.307337192441926,-7.904276363536874,1.9388356281804995,-1.2423049846049277
312,10.16320020778565,6.550857850498661,-3.6123423572869866,1.5040078341352372,-1.13309829423864
397,10.155869557638887,3.528846834988017,-6.627022722650868,1.4233639154251685,-1.4851922020881136
340,10.140809509573867,3.294256966252914,-6.8465525433209535,1.159910524638914,-1.9262811214027202
139,10.115168367474418,5.24788969603534,-4.867278671439078,1.4301903704350658,-0.9225724220786823
330,10.083267234881204,6.762834258425161,-3.320432976456045,1.5779261454553646,-1.2627329025841254
303,10.080749621648476,6.5567581996705275,-3.5239914219779482,2.070745684112778,-0.6773147988833847
375,10.06952135893422,3.4833369902887923,-6.586184368645427,0.9929727339908224,-1.4854627424252889
282,10.066593544384736,2.735310305940462,-7.331283238444275,0.9185523637618197,-2.121996968851876
270,10.062384600446025,6.19119141966757,-3.871193180778458,1.2693975801872925,-0.6744103225068564
664,10.046668994848778,2.095985249217653,-7.950683745631124,0.6302327557514481,-1.3392514891228282
433,10.036831962748742,2.2564049359831837,-7.780427026765559,0.7572146320564928,-2.0005850993952854
336,10.023699331063671,2.241469624694998,-7.782229706368676,0.8575200983839121,-1.7656314617138362
281,10.003226478657043,2.574397299731425,-7.428829178925619,0.9109380292498881,-1.8797967718491215
616,9.995907538988394,2.7719724645839317,-7.223935074404464,0.8918675587089577,-1.069413412223308
420,9.98766320962045,1.8992878820560273,-8.088375327564421,0.9659109319334827,-2.2070774835802345
382,9.978755799271962,0.9912367846124601,-8.987519014659503,0.9912367846124601,-1.5853626745390423
568,9.967293151740385,3.7346557827677134,-6.2326373689726715,1.536883257700885,-1.5394278387605675
426,9.950802986614036,1.2414096952724316,-8.709393291341604,0.5982006485632524,-1.4323331617443968
498,9.936781395310312,6.652413987994343,-3.284367407315967,1.7759419779359762,-1.1370764679455885
377,9.91390433359312,4.731681959733056,-5.182222373860064,1.1331285791937253,-1.0024696796255166
184a,9.912877588816347,3.7052504371068147,-6.207627151709532,1.1103325196387062,-1.2789907383595203
249,9.900765595972748,4.893916395602289,-5.006849200370463,1.6487543506896967,-1.9533006040582286
189,9.897599782624285,5.882659648160749,-4.014940134463537,0.944003371107002,-1.485164577253144
250,9.891335351333995,0.909741051172771,-8.981594300161223,0.7376620106609797,-2.0655243620792123
210,9.889783782409479,2.1824586751451895,-7.707325107264287,1.1699118814441267,-1.7127871187373684
607,9.887357528189932,4.113497551413163,-5.773859976776771,0.8503125974781643,-1.378436502121053
266,9.858125658313508,5.911240155079324,-3.9468855032341867,1.6286690962640327,-0.9949219873455263
278,9.84326430446518,7.396158331579441,-2.447105972885739,1.5874115119203203,-0.9211556266068044
424,9.840514203737118,2.944022089129967,-6.896492114607152,1.17448682781567,-2.3502341588494726
565,9.83551330777126,5.748299855111232,-4.087213452660028,1.278309031505514,-1.527607063022156
505,9.829285992038145,4.468430158137723,-5.3608558339004215,1.032462235615501,-1.0898790381807155
518,9.821748927872926,8.514365447525451,-1.3073834803474758,2.7522146049250535,-0.4838722204420045
140,9.819755121944164,3.6368923863221436,-6.182862735622021,1.0458190736647044,-1.5897545728861644
184d,9.81147729498874,6.934497693870182,-2.8769796011185593,1.4879477152523306,-0.6777464781125881
64,9.795523413802085,1.1558334911934718,-8.639689922608612,0.6260355874074524,-3.30710892572616
63,9.791688984309062,6.537178195907616,-3.2545107884014453,1.6209073458124226,-0.996001469818982
332,9.77122186636464,3.6991238393516497,-6.072098027012989,1.840239122158082,-1.5176656520997396
80,9.76196556181063,4.983923529466833,-4.778042032343795,1.787480069675389,-0.9887156833886337
156,9.749857873626723,3.5472302118549517,-6.202627661771771,1.3954915418177207,-1.137553614366739
313,9.732579225846928,4.272325769656315,-5.460253456190614,1.282334950184186,-1.1333967304357808
164,9.726352604306799,6.337114692114088,-3.3892379121927085,1.5930999493487605,-0.8408439577047976
96,9.716481912187271,2.232213678572336,-7.4842682336149355,1.5848818806385525,-1.3441737068026443
599,9.693459135553232,2.1969956896995564,-7.496463445853673,0.9425456101289349,-1.5848053126205945
184g,9.689669112771355,4.949549028591283,-4.740120084180068,1.04547885358689,-1.1601556754642433
619,9.679273789830402,0.9824419825889709,-8.696831807241432,0.28962309372506073,-1.5860474356563796
554,9.66522077441764,2.472370835965382,-7.192849938452258,1.0060810433093292,-1.6616605268023548
411,9.660819961599483,4.291232183883133,-5.369587777716352,0.8824902286404868,-2.1374828475639975
371,9.60864875609259,4.367198049447092,-5.241450706645502,1.6436241454310365,-1.5652292002925812
641,9.602882628776904,2.3379048888548075,-7.264977739922096,0.6592664629860558,-1.1321364097248972
509,9.59503807590562,3.8080283099668684,-5.787009765938754,1.0608974407478853,-1.2627768115416216
53,9.563085099234677,0.6974747192553774,-8.865610379979298,0.5391784411380778,-1.8041063549003915
116,9.538616465257798,4.613127337154324,-4.925489128103472,1.035180540107636,-1.6451885491539397
173,9.49321211934437,2.3794528529401564,-7.113759266404216,1.4132051900211593,-1.5849935860932074
629,9.48695719668213,5.10202729916048,-4.384929897521653,1.3909180813051818,-0.8476148454048671
195,9.480597320774871,4.870258390941878,-4.610338929832992,1.0569807016350348,-1.1374203060811245
560,9.444530999032654,2.9611986568609137,-6.4833323421717415,0.7093909270469246,-1.0001266020060053
172,9.442380494495028,6.630838204100472,-2.8115422903945544,1.6836867908941253,-0.6778222558393908
163,9.407766052612951,5.9717800205861025,-3.435986032026848,0.9802294359533739,-1.1373303298697113
374,9.403830745838984,3.4498770929955254,-5.9539536528434605,1.9454767301079994,-1.5709566093674194
545,9.402909498942298,1.9945226549049797,-7.408386844037319,1.546921710354701,-1.3787753886467145
510,9.392511657573838,4.270514149669107,-5.121997507904731,1.7973377197055804,-1.1377032765254418
202,9.384185501200589,2.1426713994616096,-7.2415141017389795,0.8212786955940243,-1.4677376344158986
132,9.338159317191623,5.169683538994327,-4.168475778197296,1.241793510747871,-0.8478900885791816
49,9.310779487511073,4.80898404253022,-4.5017954449808535,1.2630593940254429,-1.059133241183654
570,9.306431206235697,2.5150057369338956,-6.791425469301803,1.153238593902179,-2.0000403187947566
199,9.305119468856853,7.592686453996491,-1.7124330148603604,1.863574356965016,-0.6775887468877709
459,9.289220084864116,7.509998114520493,-1.7792219703436212,1.5036020953548008,-0.8475097976047488
52,9.285669715923483,4.225590877324764,-5.060078838598718,1.4416158646987898,-1.2441919608887022
245,9.264783443675707,2.93658848284101,-6.328194960834699,1.6776417504314574,-0.8452272040109656
587,9.253425000424224,1.521890394532457,-7.7315346058917696,0.9783166787572303,-1.8846714263460265
507,9.233254951804476,1.8821272705087209,-7.351127681295756,0.7096304653220742,-1.1378049128499295
442,9.149953105911484,5.604883421756465,-3.545069684155019,1.524595520712265,-0.7817701322237646
446,9.142994927609202,4.165600863357281,-4.97739406425192,1.2847828632828515,-1.0680311765250794
661,9.14226219304501,3.941729525376151,-5.200532667668859,1.2596721741975134,-1.1654994182546852
702,9.134480801762676,4.083690306450304,-5.050790495312369,1.003483030959806,-1.0000590788050963
593,9.125517806737706,3.1907570061181136,-5.934760800619595,1.1170253978431388,-1.0001669956810457
617,9.122365713329936,2.0797993151797955,-7.042566398150139,0.7261732541484567,-1.926423069493687
171,9.120811541207202,4.432455446598524,-4.688356094608676,1.403252254886172,-1.261351708550727
476,9.090211405551798,5.0714001320250075,-4.018811273526789,1.3181308517667778,-1.0298471728651928
640,9.079367541732502,3.944649611008921,-5.134717930723579,1.2832859551844293,-1.2631250557846263
66,9.055709773365626,0.35212103085688046,-8.703588742508744,0.3104326819581096,-2.517848091101767
283,9.011355376133178,3.6467438262613863,-5.364611549871793,1.1568528463361194,-0.8431471536638805
359,9.000535572174241,6.205209973072693,-2.7953255991015498,1.315009598826768,-1.3692356138075725
254,8.998859234453626,2.969343730954874,-6.029515503498751,1.2239238153996603,-0.9940127144023232
251,8.975608530680223,4.17594163501416,-4.799666895666061,1.5262377026711045,-1.7366953010302986
408,8.96890158952285,2.2923671268145673,-6.6765344627082825,0.6309382885951004,-1.8139042467674087
226,8.905713598763985,3.2328858503355486,-5.672827748428435,1.584830980464407,-1.374532664262909
490,8.880229954703962,3.870505571034106,-5.009724383669856,0.9881628040949725,-1.0389213812964722
380,8.871378071382729,1.3727675554875884,-7.498610515895143,1.3727675554875884,-1.4857840781932632
659,8.858465121440076,0.47236345238461347,-8.386101669055462,0.47236345238461347,-1.2031415626588668
289,8.829972496113088,3.841886355633468,-4.988086140479617,0.7384588538266851,-1.1461412671586821
428,8.825491872672524,2.18164711285691,-6.643844759815613,0.9873354073252806,-1.3784176915396622
104,8.773839440489892,2.955432388303699,-5.818407052186194,0.9601914152863935,-1.0985433914384162
590,8.764433451297844,0.7878591278903025,-7.976574323407542,0.5856447345110851,-1.1382470009913725
443,8.683786461172486,4.9304700958898575,-3.7533163652826302,1.3670150543954493,-1.485851381088184
128,8.683635739473308,4.666824819529856,-4.016810919943454,1.7108660503844617,-1.1374318228279408
55,8.67852737571125,0.29201853469500827,-8.386508841016242,0.19118372475336992,-2.093077454937719
483,8.66963717311002,5.8009287274426296,-2.868708445667389,1.2354378902763599,-0.8475718846538105
60,8.631837261816127,3.9258870376235198,-4.705950224192607,1.2583172175569253,-1.3418842737939456
658,8.62680460550296,1.0490096709512298,-7.57779493455173,0.417924545569184,-1.8485244291427116
127,8.597307786290406,2.457153729483756,-6.140154056806652,0.93070250253373,-1.6231538944988726
33,8.597021311135055,2.8154464901911864,-5.781574820943869,1.199496500053989,-1.5403369357947732
577,8.547860799482553,1.5686139507815229,-6.979246848701032,1.1119905910305439,-1.61633666864577
477,8.511837904623578,2.558600106436381,-5.953237798187197,0.8147694896254309,-1.1376639682301948
690,8.502697831986636,2.518007188875439,-5.984690643111196,1.209343916196291,-1.3803006556050534
462,8.501081931041218,3.1924650037064644,-5.308616927334755,0.7363027535155805,-1.5849952765224558
366,8.454638135170002,2.678103759151474,-5.776534376018532,1.6742113118332493,-1.9260805667542233
384,8.439672705513594,1.7118326951856686,-6.727840010327926,0.6336758226169328,-1.1581655993156605
551,8.437721278046732,1.9988008247629812,-6.4389204532837505,0.7241477093190485,-1.4856485709605631
216,8.40355221802122,2.4449801830617997,-5.958572034959421,0.8610146414927324,-1.000221068501337
277,8.399485124649818,3.4098139303722466,-4.989671194277571,0.9647751050062502,-0.995957344544732
182,8.37929407681328,4.556177474773798,-3.823116602039483,1.4658452349874735,-1.1372351877825666
553,8.377068257302009,3.2451709382680227,-5.131897319033986,1.000643693674442,-0.9438727453266643
455,8.34636491678509,3.286512654408348,-5.059852262376742,1.5187615241988104,-1.137560150044305
583,8.29018143270746,0.5050485992034066,-7.785132833504056,0.39225494306330444,-1.4861507632402877
233,8.276026291438887,1.6001640382583975,-6.6758622531804885,1.337275238912458,-1.7595756546262344
491,8.265542069339554,0.04701142505398335,-8.21853064428557,0.04701142505398335,-1.6787415967940407
217,8.25472795784724,4.099726694753378,-4.155001263093861,0.9678479865752452,-2.0906167851059694
401,8.224010043499955,2.5433263353341413,-5.680683708165813,0.6976098414948282,-1.1689183270969425
698,8.206287191320948,3.369978564406938,-4.83630862691401,1.1276771880956724,-1.0667287839269635
643,8.200520766453126,3.8823834470019625,-4.318137319451164,0.9412292243258217,-0.8479295526320099
91,8.147576250649244,3.3354143761644828,-4.812161874484763,0.907721619373279,-1.8334019984108403
452,8.146102316231577,3.986315662545474,-4.159786653686102,1.3212556861726865,-1.3791522543647645
542,8.134727057365359,2.3866202850803164,-5.748106772285042,1.3907786053351665,-1.000213765673608
179,8.134107494193398,3.9540629609926796,-4.180044533200718,1.7664021916206119,-0.8479167419841727
550,8.077040001896858,4.875351393930646,-3.201688607966212,1.166569931361721,-0.7849323393099323
213,8.031702601622936,1.4847308013126552,-6.546971800310279,0.5472948783709382,-2.0708685619496685
258,8.028154260100917,3.26679095681339,-4.761363303287528,1.2817869853716146,-1.3735831893976584
636,8.014899489413397,4.093646342820731,-3.9212531465926657,1.1900683474030824,-0.843997338449929
582,8.005163800969296,0.8760483323521215,-7.129115468617174,0.5266586295177574,-1.6130246263399108
588,7.999813385903276,4.51756082513107,-3.482252560772207,1.5556526422688053,-0.7921449710608973
222,7.968448532062514,0.6294741034674868,-7.338974428595028,0.5474132181104824,-1.2751540634511347
219,7.9670324642479375,2.935618429852723,-5.0314140343952145,1.0548720006689516,-1.6845612604365665
602,7.96436845577814,4.232434188622097,-3.7319342671560434,1.4461097220397863,-1.88674346456128
79,7.963589861425555,3.6836694442235514,-4.279920417202003,1.5379855326047778,-1.0176387186924825
697,7.957306806570492,3.7710711137790676,-4.186235692791424,1.2263980832509978,-1.1758881788119884
648,7.948639620074909,2.1143945270852393,-5.834245092989669,0.8708446491462896,-0.87837219784256
98,7.947944408103704,1.5317266823760431,-6.416217725727662,0.6902302600654253,-1.4252469573545108
700,7.9435487876137625,3.2769636895106062,-4.666585098103156,1.08159086276477,-1.2452441415613718
125,7.938382809476462,5.012120095510447,-2.9262627139660142,1.9433423905422218,-0.9144510304938205
474,7.934535163935228,4.202633032869588,-3.73190213106564,1.0530495548761094,-0.7835217281631377
192,7.901401075667895,1.2924071828373527,-6.608993892830543,0.7206010929652291,-2.12072780461983
652,7.878225466709833,2.407526334827622,-5.470699131882212,0.8903904920350443,-1.3499568589369935
370,7.867373605968862,4.637819103464428,-3.229554502504434,1.5765960947218784,-1.117308303467992
534,7.849501959194864,3.080918292819498,-4.768583666375365,1.204969025975196,-1.4856396209392164
364,7.816511079934967,3.1137611985189557,-4.702749881416012,1.5084780460626495,-1.527467107320886
594,7.814135567089233,1.178444081078173,-6.63569148601106,0.8922140875160045,-0.8582273981753135
204,7.812187232677127,3.034500798515235,-4.777686434161891,0.8382783154801168,-1.2628917194902192
615,7.8083164131962315,1.0074351062949027,-6.80088130690133,0.4863075905625288,-1.4858658637809319
365,7.8078570480458005,3.090916603147658,-4.7169404448981425,1.4346369297204542,-1.5850726071208154
209,7.805760730059261,5.546145033432415,-2.2596156966268466,1.5852092329483929,-0.6777905076713653
37,7.75684313986134,4.829906448316853,-2.926936691544487,1.8849028779213686,-0.8487155290119912
248,7.736074961859338,1.8578510371928916,-5.878223924666448,1.1373345088202196,-1.1364087054224397
269,7.690210843045301,2.0117200269319566,-5.678490816113343,0.7762707407184426,-1.2648185369407277
573,7.655188621799219,3.3939036500634288,-4.261284971735791,1.6506904094461197,-0.9383551012925454
653,7.63628221330262,3.6520672142838326,-3.9842149990187874,1.0029738103934953,-0.9508028432457076
499,7.620818719321669,0.6158720168764199,-7.004946702445249,0.5484921128849671,-1.7776463727240164
552,7.606630747989234,1.0967076794974229,-6.509923068491812,0.5835228425305206,-1.1285352766264511
357,7.606509434000758,4.546409301070697,-3.06010013293006,1.092467435851741,-1.4852364579046353
692,7.57547938492542,1.829053015272813,-5.746426369652608,0.5342555081665171,-1.263104562005008
174,7.553468756660691,5.3022313428291055,-2.251237413831585,1.4303296874664655,-0.705497112454587
677,7.537385383567654,2.8742879808211708,-4.663097402746482,0.6510075334320462,-1.1375333990882124
671,7.505694664916324,0.8527924436722601,-6.652902221244064,0.4283488873139745,-1.4859327338276092
586,7.435604696082308,2.8881416123746013,-4.547463083707706,0.8671556575719825,-1.2631084515298063
495,7.434699275569417,2.0383707272140494,-5.396328548355368,1.4199123021491187,-1.7539053009674932
201,7.434167200214308,2.7850864621785494,-4.649080738035759,1.4345261039117754,-1.4855442870583475
691,7.423912019581519,2.7600021010463314,-4.663909918535188,0.9234387170544646,-1.472599678300134
693,7.41748587503508,2.261839082156588,-5.155646792878493,0.8968718917121024,-1.2942637507659471
557,7.393464937641218,3.691389520190948,-3.70207541745027,1.7361337377930437,-1.0209109924302584
422,7.379436169045827,4.8613781345622975,-2.51805803448353,1.0357003969736875,-0.6775544950610233
668,7.371146827123557,3.473299331443308,-3.8978474956802485,0.9948783105234447,-0.6782337616373633
670,7.344050278746235,3.944502268076266,-3.3995480106699696,1.0745621589602798,-1.2627553015015252
183,7.328950761643707,2.997252726345258,-4.33169803529845,2.2798026568466208,-1.014440865833009
184e,7.323353086002199,3.1988258047135867,-4.124527281288612,0.9438866429353553,-1.1373252558457134
391,7.308047347783643,2.424020208321407,-4.884027139462237,1.1712189189650732,-1.1374528199801903
137,7.2957864354567645,2.1737659993598206,-5.1220204360969435,0.8237650334467674,-1.000132481790011
591,7.294711388660376,1.0624699262067399,-6.2322414624536355,0.4901297239502657,-1.4543421707651827
556,7.290044443251778,2.0901745667052443,-5.1998698765465345,1.4635322608639605,-1.850437569376806
635,7.289258791640094,2.0930933827206344,-5.19616540891946,0.9205738701378943,-1.8484841650173536
361,7.278969812751097,3.480023593935219,-3.798946218815878,1.1315333418564149,-1.281625452216764
42,7.23515109866888,1.6624808181681674,-5.572670280500713,0.7687660326798653,-1.3453725143966815
592,7.222251215607052,1.685230035021166,-5.537021180585888,0.9854425427214778,-1.137171472742935
521,7.216563706803419,0.49309993995212953,-6.723463766851289,0.49309993995212953,-1.5854289436138287
41,7.2023349195835635,2.0868650679696157,-5.115469851613948,0.7810486448921197,-1.5265570861991613
651,7.2018927280086,2.902442687780114,-4.299450040228486,0.9621186520000872,-0.991904306486023
264,7.2012354203236395,1.7765989956393733,-5.424636424684267,0.7386157995698321,-0.8430839838764372
688,7.146411403725659,3.7510944849820658,-3.395316918743593,1.1485895699049715,-1.4973515187861879
215,7.139697604163273,3.789156875631781,-3.350540728531493,1.1781605504745454,-0.9996754606969566
628,7.13953680053114,4.421659801600804,-2.717876998930336,2.193271135817596,-0.4849402137329975
333,7.081352861671096,4.893702168421125,-2.1876506932499713,1.655217625673877,-0.6832628352957364
674,7.074556281487233,1.1123360009185776,-5.962220280568655,0.6376152925047807,-1.0322285852277353
212,7.06097053910498,2.5358203641530244,-4.525150174951955,0.9161752839187786,-1.207082102878525
467,7.024458596340019,1.7640065405648342,-5.260452055775185,1.1196316518287985,-1.1903050449053865
663,6.996143738913754,1.3041611562326136,-5.69198258268114,0.7209305966299547,-0.7946489295004298
353,6.994354391320105,3.2384805980681373,-3.7558737932519697,2.2546895762407306,-1.1374705559712748
423,6.943523218017726,5.251462229869917,-1.6920609881478088,1.5883547054497227,-0.9442226711264784
689,6.9342036619161,2.7737898295374057,-4.160413832378694,1.214530350627846,-0.9330144815149503
294,6.906243722553001,4.378758843410237,-2.527484879142765,1.2631884690283606,-0.8449658686496369
107,6.87067505492234,3.8005171185541196,-3.0701579363682208,2.035390357158421,-1.1190092515491727
449,6.850056507203416,5.839588305057148,-1.0104682021462685,1.9218167609966075,-0.48508434827305474
686,6.818091015521342,1.4592046547097213,-5.358886360811621,0.7384243601724301,-1.3788525054149292
574,6.806000823206285,0.7263061965568423,-6.079694626649442,0.5885427209368201,-1.8865539107042295
390,6.805447813688498,1.8292302257582056,-4.976217587930293,0.8829201141745995,-3.1512455815462688
451,6.788807927596798,2.158899336981878,-4.629908590614919,1.5181436662858492,-1.4689767195064478
506,6.785239959833719,2.5566618227375812,-4.228578137096138,0.8318941357598663,-1.7732604291884186
134,6.783669643227314,3.7043520600759496,-3.079317583151365,0.9919449092802444,-1.0362521341436985
684,6.716909644046365,3.7225949042725066,-2.9943147397738574,0.7388750927503506,-0.7583059148456187
198,6.716636545023526,3.5578053177780884,-3.158831227245437,1.890331744457183,-0.6818274536803264
161,6.674437004552953,2.527628459239007,-4.146808545313946,0.8960086959422835,-1.3761729534921956
569,6.670804705555225,1.4551297450389264,-5.215674960516299,0.7734491862108682,-1.263556260559679
646,6.621486672706338,1.8010624527755614,-4.820424219930777,1.0021264257151061,-2.2371254607781537
272,6.572986417723135,2.438639855364221,-4.134346562358916,1.1474273773759802,-1.4093867368715103
221,6.572501781431757,1.9980864921180435,-4.574415289313713,0.5613168624806675,-1.2815948673834408
157,6.540758544113325,1.6618823354739436,-4.878876208639382,1.254939621014447,-1.0426007396738288
576,6.359703305944968,0.27321199386874867,-6.086491312076219,0.27321199386874867,-1.2633746208903047
262,6.346525428227818,0.7381566207022983,-5.60836880752552,0.7381566207022983,-2.1312736129495926
203,6.34245020503885,1.7747512587108678,-4.567698946327983,0.6008981533720585,-0.9504237841555108
627,6.342108916190461,2.6533687503499026,-3.6887401658405583,1.1217569714095081,-2.643437651604659
122,6.338519756751916,3.625305979798949,-2.7132137769529674,1.9872746717419711,-0.7522445984150895
687,6.336786836541636,2.542151709766765,-3.7946351267748697,1.263703230491578,-0.9022448340526025
458,6.308436636433271,4.448690972616347,-1.8597456638169245,1.595905689308725,-1.2146128287655382
414,6.300249842786751,3.687888279790712,-2.612361562996038,1.0839386667414526,-1.1268429398780266
694,6.274622636555607,2.285855329891039,-3.9887673066645686,0.6397485880203171,-0.9967619517048716
257,6.273152581332908,1.4792791265954008,-4.793873454737507,0.6544414088920176,-1.322526780366207
456,6.237166755852056,3.796491611805144,-2.4406751440469137,1.19537684653839,-0.6816766290216875
453,6.205774469628211,0.8968173132522852,-5.308957156375926,0.490066554127278,-1.2631768905152498
45,6.1945716673722595,1.907725643947876,-4.286846023424384,1.0353930914411884,-0.891375392369787
434,6.1865334613807725,1.481653837910704,-4.7048796234700685,0.5270455600721955,-0.8480669746938659
345,6.180910085768589,3.7757156539063215,-2.405194431862268,1.578299435252612,-0.8478613405128789
177,6.167161285618102,3.6675700282846457,-2.499591257333456,1.0477791470236655,-0.8479328063600579
101,6.162309228103323,1.5943466740257348,-4.567962554077589,0.8874464875972062,-1.9024696495628781
284,6.158369702076815,1.0982421234299695,-5.060127578646846,0.6265678806103587,-1.4909653980094655
672,6.144167176661702,0.2888349582875743,-5.855332218374127,0.2888349582875743,-1.0004003272342168
194,6.077856776078303,3.029080270391072,-3.0487765056872314,1.5194363859671336,-0.47131376105387035
256,6.049928036746814,2.3967304007318564,-3.6531976360149576,1.0000769406609455,-0.9941583565509559
296,6.025889748944877,5.387036377051329,-0.6388533718935471,1.585161813328327,-0.3771547650440561
239,6.014047531818591,3.3631278363305515,-2.650919695488039,1.2631696348779282,-1.075159044773993
54,5.994880441433536,2.2049362151933822,-3.789944226240154,1.9998986844141646,-1.2374076291103673
471,5.984953253696097,3.3061184889460598,-2.6788347647500377,1.232841734416595,-0.7663015818992651
329,5.953688588093512,3.031583711111408,-2.922104876982105,0.9022434605524261,-0.8470818878599298
445,5.935324762907992,1.8086441040724652,-4.126680658835529,0.8194126846763253,-1.0358684773799514
261,5.867083437839697,3.3305285639874236,-2.5365548738522734,1.5136447192969698,-0.993331273625056
489,5.862994076896226,3.591314039820316,-2.2716800370759103,1.2947424751994576,-0.9994299984808573
205,5.851664993299459,2.8075774728499967,-3.0440875204494624,1.192334433217396,-0.792021799327465
584,5.845968739787416,1.1878548920226137,-4.658113847764801,0.9278150019079479,-1.0001555547350256
519,5.835346620595028,5.0262246164021835,-0.8091220041928452,1.594733442157645,-0.2620195573277613
539,5.768013827854979,3.7768760091738303,-1.991137818681147,1.142282879108526,-0.8478007478422063
608,5.76594001037167,3.179048762076925,-2.5868912482947453,1.0043461157287108,-0.9523696616323286
100,5.713858703743828,1.7227603679664614,-3.9910983357773664,0.8689138732847045,-1.4389432921173073
701,5.713485501565399,1.7850479131341555,-3.928437588431244,1.1038608449101326,-1.0383437134419693
655,5.695041095369271,3.0780678791715697,-2.616973216197702,0.622173564123429,-0.6775715617057585
367,5.6527153636146386,3.600085349391562,-2.0526300142230776,2.0991018047685555,-0.6938044825554526
482,5.6395954814006375,0.5646501474152549,-5.074945333985383,0.318213213892694,-1.3787062761495066
567,5.60476246185283,0.4367417924524645,-5.168020669400366,0.24187427032284178,-1.4859434997737542
454,5.594705619290408,4.846786303330878,-0.7479193159595297,1.0338947861568324,-0.4851558686479889
603,5.59213365603785,1.547043331697206,-4.045090324340644,0.7671089419788468,-1.2743847384238527
43,5.587941112825453,1.9256095579224826,-3.6623315549029725,1.13747166365129,-1.0303510918077523
523,5.58730447725912,2.222658859011961,-3.3646456182471587,0.6631191371271097,-1.3732947326769027
74,5.564874482540223,1.9368791192230512,-3.6279953633171713,0.9269860497923159,-1.1694360238635861
129,5.564202584811165,2.2937302324474107,-3.2704723523637536,1.333785087918584,-1.2419830266112477
472,5.550869444044248,0.45657129278401953,-5.094298151260229,0.45657129278401953,-1.00031906871222
543,5.521302268268745,0.6188916711783891,-4.902410597090356,0.32584585742587263,-1.2632863426469407
535,5.494524546353909,2.1070906195255144,-3.387433926828395,1.092123581937463,-1.0982811372215133
527,5.48958980785309,2.9202231851006286,-2.569366622752461,1.2249223701824177,-0.8479193321827373
191,5.489186889185108,3.655919090913817,-1.833267798271291,1.427381181689269,-0.7937094485687646
488,5.486809551913348,2.752519437632234,-2.734290114281114,1.2026481670001672,-0.6763823653550831
193,5.46684925751196,3.8183141701367096,-1.6485350873752518,1.2550538549884962,-0.6779417477533478
338,5.449669992871551,2.045563781595497,-3.404106211276056,1.0489367913514707,-1.1373163117909628
237,5.4482935760575915,4.195016476711312,-1.25327709934628,1.063862721497665,-0.8022796806861932
497,5.370979300578433,2.377704048274632,-2.9932752523038024,0.9509865946133186,-0.6773495625168364
59,5.325706936700467,2.056489058403695,-3.269217878296772,0.6780278306054746,-0.7557268048324101
493,5.292444431941049,3.6640486194295763,-1.6283958125114724,1.0290306681166397,-0.6778303969175064
494,5.285542628532868,1.773925751159597,-3.511616877373271,0.8660779905639774,-1.1391517081429232
685,5.284881084347659,2.126547198309924,-3.158333886037735,1.064110489631849,-0.9588238787951637
496,5.279364757940236,2.5211276344234066,-2.758237123516829,0.8313250295166659,-0.8480248524443356
95,5.269541491304609,3.246161523420043,-2.0233799678845648,1.0198352670574151,-1.343787767333834
562,5.25593180254829,0.49117780129476474,-4.764754001253525,0.26016139781010295,-1.0001612106515798
578,5.246874381897835,2.3602916532363762,-2.886582728661458,0.8446937451889569,-0.7574157364625298
468,5.209806539288498,3.490940032567904,-1.718866506720593,1.0671249636871156,-0.6778522172531536
314,5.201339433533714,4.54432357993438,-0.6570158535993341,1.5002926454645678,-0.2612334474936206
427,5.190213519462733,3.619811885852488,-1.570401633610245,1.4189288809233747,-0.6777036900262502
228,5.142568508333449,3.2536826282574682,-1.8888858800759798,1.3575117885923076,-0.7313038833382792
511,5.1355601405809095,0.6365337027322477,-4.499026437848663,0.4094815640261291,-0.8558155084434731
536,5.13050154612193,3.6768575063898004,-1.4536440397321284,1.6102188248058256,-0.48499762598440677
642,5.127958962033732,2.2291563583167933,-2.8988026037169385,0.8796256576559535,-0.6780618093174298
181,5.117573755088411,4.050904827531462,-1.0666689275569485,1.659958553807221,-0.2741718800752144
487,5.0916385542192355,3.496802732664534,-1.5948358215547005,2.0676256156682986,-0.6779394522542974
563,5.069104681727415,1.35020427026877,-3.7189004114586464,0.5176295226934337,-0.7491827223152354
225,5.046876945807355,2.712891297881196,-2.333985647926159,0.9999681437187429,-0.937800809073356
220,5.01553845563075,0.38700617876192805,-4.628532276868821,0.38700617876192805,-1.4094364276305384
385,4.952824485475759,2.5090999744560674,-2.443724511019692,1.5348242650475046,-0.8478142727813891
416,4.952733361821168,2.1875589671473015,-2.765174394673866,0.9180623495511454,-1.1376125518290454
683,4.9442834914984815,1.5845546113062394,-3.359728880192241,0.7244714014604887,-1.1373279212143563
544,4.942870403072479,1.4425246948007495,-3.500345708271729,0.9266837099824534,-1.1719606643264033
298,4.937811913160401,3.7380701158733407,-1.199741797287062,1.765945906010843,-0.26228854786899647
650,4.934896259475156,2.8003314256773097,-2.134564833797847,1.0793535669037457,-0.5982556264769319
530,4.93217897830911,1.581786461788846,-3.3503925165202624,0.8253866095246392,-1.485537552826762
131,4.928270992988217,1.220690135349749,-3.707580857638469,0.8499035864781505,-0.8479146623286338
520,4.8857155497617635,1.5017593419500086,-3.383956207811755,0.9286122753430703,-1.137634281443127
604,4.86844140721033,1.4637647441903083,-3.4046766630200227,0.5976113915534067,-0.847647649403979
349,4.864666808710016,2.297887915341984,-2.566778893368032,1.37137922682647,-1.106987424091851
622,4.836784468538701,2.1766938555260325,-2.660090613012669,1.0034317571655784,-1.0617464238443834
259,4.810096557225048,1.141708920649507,-3.6683876365755395,0.7393317601436054,-1.480648142681659
187,4.797643134947049,1.8914072107565199,-2.9062359241905296,0.8209660565747691,-0.48231011013172814
662,4.793923722858902,2.0364900644359527,-2.757433658422949,0.9625271597605486,-0.4851218181695023
503,4.764282027501175,2.6710155972728864,-2.0932664302282893,1.5190087603928646,-0.7458119931644072
501,4.74090044203182,0.7660001040319053,-3.9749003379999133,0.3779948219602526,-1.4855930632486403
176,4.739809167684613,3.4426512750623512,-1.2971578926222613,1.0762415193737715,-0.48522603639791595
595,4.729848290449588,1.9114967075980267,-2.818351582851563,0.7838448532907107,-0.6777310369103027
660,4.682078979066621,1.4975671663881291,-3.184511812678493,0.859649248766766,-0.5169803253436752
469,4.670945993427757,2.791566719475956,-1.8793792739517992,2.1259760160452856,-0.9679111515292498
598,4.6557778791871,2.8900565507991143,-1.765721328387986,1.2539857188589985,-0.8621361975672024
541,4.632884854435205,1.1829331452177003,-3.4499517092175034,0.6482955909310271,-2.351913951561347
596,4.628520190610481,1.7470529333013258,-2.881467257309157,0.7380153324329831,-0.7119294363078252
73,4.610864657165096,1.4064638164474177,-3.20440084071768,0.7963930010519373,-1.4486747554220911
623,4.5255376465500445,1.7099875968932152,-2.8155500496568298,0.9680314602223148,-1.1676881498089884
38,4.467103839084792,1.6167229276606343,-2.850380911424158,0.8385689214750364,-0.5975390712719115
218,4.457492988753048,2.139601867069035,-2.317891121684013,1.0181848987554973,-1.2610547416953741
457,4.455741786061608,2.2998975135360418,-2.1558442725255667,0.8950814237466023,-0.6189893305877593
165,4.43772116679952,0.8216701819616938,-3.6160509848378264,0.8216701819616938,-0.8480923867912272
346,4.420262500486675,1.1260372962444034,-3.294225204242273,0.6153844993139992,-0.8478731467928202
559,4.372886273577957,0.10309364916371247,-4.269792624414245,0.10309364916371247,-1.367400158847049
654,4.371928548491209,2.8652888603113076,-1.506639688179902,0.7382597112662839,-0.6779466226094758
610,4.361793366234191,3.4152984357427294,-0.946494930491462,1.0825089039913243,-0.26272170903499403
558,4.347285011763781,1.367929330539202,-2.979355681224579,0.6479264650741648,-0.6780755126734053
235,4.237158899452532,2.6796195462119403,-1.5575393532405921,1.0656015935645378,-0.6752641439429186
470,4.215068215524526,1.3741635774023653,-2.8409046381221605,0.9207647111250103,-0.9846805500987269
572,4.2139007516914315,2.357654123593087,-1.8562466280983452,1.071154767558471,-0.8760346325587074
175,4.203303566521037,0.7343141067604418,-3.4689894597605955,0.6927346182439871,-0.8481499910376198
387,4.192585829881192,2.8189186316288137,-1.3736671982523796,1.2554640388421008,-0.8478640665648972
36,4.186761300938216,1.2519593022851097,-2.9348019986531053,0.7626502568627573,-0.8919910444049449
528,4.158906103481662,1.7404802357098381,-2.4184258677718247,0.6697434635395685,-0.9994798827866481
529,4.150635181346865,3.3620394599811054,-0.7885957213657592,1.074195396245645,-0.26286524045525306
242,4.125613630013585,1.3380694252018213,-2.7875442048117636,0.8756760648218724,-0.9947789526402772
292,4.072705567169846,2.5525051821904583,-1.520200384979388,0.8254630502867454,-0.8441740099017161
525,4.055022843174631,1.3808967220003818,-2.674126121174248,0.7535305417337529,-1.0002353949828713
93,3.987785060792613,1.691883316264059,-2.295901744528554,1.2577657512222014,-1.2433522201954241
555,3.9569899665402977,1.8743079507370184,-2.0826820158032797,1.0588896167872823,-0.6780086341006418
288,3.955737603578669,2.0248884623232377,-1.9308491412554312,1.2630466953368957,-0.5782635923412146
669,3.892648947199057,3.1044316942631207,-0.7882172529359364,0.9991755704303125,-0.2627390843119788
159,3.8853164536756664,1.6364145749972627,-2.2489018786784034,0.6926749859399423,-0.6780914766785717
180,3.8729446720691434,0.6657164250477723,-3.207228247021371,0.4581346490770781,-1.1376533555157655
682,3.8126905995834237,2.3961618432360634,-1.4165287563473603,0.7396932065196635,-0.6779828063279292
378,3.7955096804112003,0.30164312043866975,-3.4938665599725307,0.30164312043866975,-1.2630705504598345
666,3.788270803822196,2.6916951394728406,-1.0965756643493556,0.818402815186619,-0.6779470447482518
167,3.7390878485206747,0.9690260508098651,-2.7700617977108095,0.5481084183549534,-0.8704410666860133
473,3.698285686536709,1.0969968398327525,-2.6012888467039565,0.6916904129662464,-0.5551948370601307
597,3.6771229245775174,0.7744390248708168,-2.902683899706701,0.5835082396066715,-1.0708586666645146
532,3.611307608686986,0.10910612421597303,-3.502201484471013,0.10910612421597303,-1.3762321654179486
540,3.597962780393828,2.1473320794793356,-1.4506307009144925,0.8554998089061614,-0.7634160430201486
681,3.503868787990994,1.8615472559567532,-1.6423215320342408,0.7760772798217787,-0.4114732423930759
247,3.4783468266361584,0.02344906651812474,-3.4548977601180337,0.02344906651812474,-0.9968126638428189
331,3.4727227716792894,0.6309900616490155,-2.8417327100302745,0.39098105648223025,-0.8479931956164173
533,3.4698379435180673,1.472750498799268,-1.9970874447187998,1.1649280189903841,-1.0252979695763715
342,3.4484513536093724,1.7138292738344347,-1.7346220797749377,1.0982687805524716,-0.5175063372916755
679,3.4177017880034786,1.9609385913978266,-1.4567631966056531,0.8221407688824036,-0.7296494680000508
547,3.4173681785780032,1.2905248217381113,-2.126843356839891,0.7286273367901017,-1.378468456781105
678,3.406485213930974,2.284424367480044,-1.1220608464509296,0.9175851629695413,-0.33331885532106
579,3.295809801965871,1.4656084775140985,-1.8302013244517727,0.582190172305185,-1.0203363866957154
537,3.236105548921934,2.321844359150336,-0.9142611897715978,1.7310223661558208,-0.9142611897715978
675,3.22975157758005,0.854322411888867,-2.3754291656911826,0.37416531161981165,-1.3026323982274364
566,3.109799928743107,0.7563130168287081,-2.3534869119143993,0.585063111261451,-0.678138886776511
196,3.0920476996513737,2.303668439154443,-0.7883792604969304,1.21223754589765,-0.2627930868323101
614,3.0541909028392435,1.67936692557376,-1.3748239772654842,0.6971002319819681,-0.48509220516927887
549,2.9941319761786556,0.9908952433099205,-2.003236732868735,0.9908952433099205,-1.016615171974537
486,2.8198067302752556,1.5869986371521863,-1.2328080931230696,1.0834011835089936,-0.4854183699633989
676,2.7952866787770434,2.238705501091074,-0.5565811776859694,0.7385100810123821,-0.2683745019627268
522,2.7686488285199338,0.5735052819052451,-2.1951435466146885,0.5735052819052451,-1.0000424344921097
291,2.7655805904563335,1.5927892556449488,-1.1727913348113843,1.4176894215019487,-0.400472428319736
368,2.6793789782382276,1.4333840331616758,-1.245994945076552,1.432958185630652,-0.8479664888741626
158,2.6729714467001786,0.38744897313748267,-2.285522473562696,0.38744897313748267,-0.841246205941401
673,2.61489504185029,0.2925328252701974,-2.3223622165800926,0.2925328252701974,-1.0001221498306032
531,2.6070423796854314,0.6232563833103849,-1.983785996375046,0.5865580487559292,-0.6137779366349703
606,2.5401470660408223,1.5047812364621085,-1.0353658295787138,1.503492696682744,-0.4158999267769028
631,2.5209385226575063,1.7457824442144587,-0.7751560784430478,1.0261316569828238,-0.26305093163225773
526,2.1501074945858996,1.0077866391673538,-1.1423208554185456,0.5164470825081031,-0.9033787608872652
418,2.006852895606479,0.3918889880046942,-1.6149639076017848,0.39115281609378866,-0.765062607700304
571,2.0062760451176436,1.853284328597595,-0.15299171652004914,1.0476434581197092,-0.13496948008612017
450,1.9958469066782711,0.6469248176331022,-1.348922089045169,0.395746021551523,-0.6217128243177876
680,1.9449743946555544,1.3212605377121747,-0.6237138569433796,1.0022040754401031,-0.339346034463296
538,1.9340089112129446,0.7978799162959466,-1.136128994916998,0.6629390772661783,-0.6215673824487166
580,1.910982475393891,0.15751629695425384,-1.753466178439637,0.1229699856928965,-0.41496110613344445
